{
	"credit": "Made by rikitikitivi",
	"textures": {
		"0": "./great_iron_katana",
		"particle": "./great_iron_katana"
	},
	"elements": [
		{
			"from": [-2.5, -2.47619, 7.5],
			"to": [-1.5, -0.47619, 8.5],
			"rotation": {"angle": 0, "axis": "y", "origin": [0.5, 15.52381, 7.5]},
			"faces": {
				"north": {"uv": [1, 1, 2, 3], "texture": "#0"},
				"east": {"uv": [0, 1, 1, 3], "texture": "#0"},
				"south": {"uv": [3, 1, 4, 3], "texture": "#0"},
				"west": {"uv": [2, 1, 3, 3], "texture": "#0"},
				"up": {"uv": [2, 1, 1, 0], "texture": "#0"},
				"down": {"uv": [3, 0, 2, 1], "texture": "#0"}
			}
		},
		{
			"from": [-1.5, -2.47619, 7.5],
			"to": [-0.5, 0.52381, 8.5],
			"rotation": {"angle": 0, "axis": "y", "origin": [0.5, 15.52381, 7.5]},
			"faces": {
				"north": {"uv": [5, 1, 6, 4], "texture": "#0"},
				"east": {"uv": [4, 1, 5, 4], "texture": "#0"},
				"south": {"uv": [7, 1, 8, 4], "texture": "#0"},
				"west": {"uv": [6, 1, 7, 4], "texture": "#0"},
				"up": {"uv": [6, 1, 5, 0], "texture": "#0"},
				"down": {"uv": [7, 0, 6, 1], "texture": "#0"}
			}
		},
		{
			"from": [-0.5, -1.47619, 7.5],
			"to": [0.5, 1.52381, 8.5],
			"rotation": {"angle": 0, "axis": "y", "origin": [0.5, 15.52381, 7.5]},
			"faces": {
				"north": {"uv": [9, 1, 10, 4], "texture": "#0"},
				"east": {"uv": [8, 1, 9, 4], "texture": "#0"},
				"south": {"uv": [11, 1, 12, 4], "texture": "#0"},
				"west": {"uv": [10, 1, 11, 4], "texture": "#0"},
				"up": {"uv": [10, 1, 9, 0], "texture": "#0"},
				"down": {"uv": [11, 0, 10, 1], "texture": "#0"}
			}
		},
		{
			"from": [0.5, -0.47619, 7.5],
			"to": [1.5, 2.52381, 8.5],
			"rotation": {"angle": 0, "axis": "y", "origin": [0.5, 15.52381, 7.5]},
			"faces": {
				"north": {"uv": [9, 1, 10, 4], "texture": "#0"},
				"east": {"uv": [8, 1, 9, 4], "texture": "#0"},
				"south": {"uv": [11, 1, 12, 4], "texture": "#0"},
				"west": {"uv": [10, 1, 11, 4], "texture": "#0"},
				"up": {"uv": [10, 1, 9, 0], "texture": "#0"},
				"down": {"uv": [11, 0, 10, 1], "texture": "#0"}
			}
		},
		{
			"from": [1.5, 0.52381, 7.5],
			"to": [2.5, 4.52381, 8.5],
			"rotation": {"angle": 0, "axis": "y", "origin": [0.5, 15.52381, 7.5]},
			"faces": {
				"north": {"uv": [13, 1, 14, 5], "texture": "#0"},
				"east": {"uv": [12, 1, 13, 5], "texture": "#0"},
				"south": {"uv": [15, 1, 16, 5], "texture": "#0"},
				"west": {"uv": [14, 1, 15, 5], "texture": "#0"},
				"up": {"uv": [14, 1, 13, 0], "texture": "#0"},
				"down": {"uv": [15, 0, 14, 1], "texture": "#0"}
			}
		},
		{
			"from": [2.5, 1.52381, 7.5],
			"to": [3.5, 5.52381, 8.5],
			"rotation": {"angle": 0, "axis": "y", "origin": [0.5, 15.52381, 7.5]},
			"faces": {
				"north": {"uv": [1, 4, 2, 8], "texture": "#0"},
				"east": {"uv": [0, 4, 1, 8], "texture": "#0"},
				"south": {"uv": [3, 4, 4, 8], "texture": "#0"},
				"west": {"uv": [2, 4, 3, 8], "texture": "#0"},
				"up": {"uv": [2, 4, 1, 3], "texture": "#0"},
				"down": {"uv": [3, 3, 2, 4], "texture": "#0"}
			}
		},
		{
			"from": [3.5, 1.52381, 7.5],
			"to": [4.5, 6.52381, 8.5],
			"rotation": {"angle": 0, "axis": "y", "origin": [0.5, 15.52381, 7.5]},
			"faces": {
				"north": {"uv": [5, 5, 6, 10], "texture": "#0"},
				"east": {"uv": [4, 5, 5, 10], "texture": "#0"},
				"south": {"uv": [7, 5, 8, 10], "texture": "#0"},
				"west": {"uv": [6, 5, 7, 10], "texture": "#0"},
				"up": {"uv": [6, 5, 5, 4], "texture": "#0"},
				"down": {"uv": [7, 4, 6, 5], "texture": "#0"}
			}
		},
		{
			"from": [4.5, 2.52381, 7.5],
			"to": [5.5, 7.52381, 8.5],
			"rotation": {"angle": 0, "axis": "y", "origin": [0.5, 15.52381, 7.5]},
			"faces": {
				"north": {"uv": [9, 5, 10, 10], "texture": "#0"},
				"east": {"uv": [8, 5, 9, 10], "texture": "#0"},
				"south": {"uv": [11, 5, 12, 10], "texture": "#0"},
				"west": {"uv": [10, 5, 11, 10], "texture": "#0"},
				"up": {"uv": [10, 5, 9, 4], "texture": "#0"},
				"down": {"uv": [11, 4, 10, 5], "texture": "#0"}
			}
		},
		{
			"from": [5.5, 4.52381, 7.5],
			"to": [6.5, 8.52381, 8.5],
			"rotation": {"angle": 0, "axis": "y", "origin": [0.5, 15.52381, 7.5]},
			"faces": {
				"north": {"uv": [13, 7, 14, 11], "texture": "#0"},
				"east": {"uv": [12, 7, 13, 11], "texture": "#0"},
				"south": {"uv": [15, 7, 16, 11], "texture": "#0"},
				"west": {"uv": [14, 7, 15, 11], "texture": "#0"},
				"up": {"uv": [14, 7, 13, 6], "texture": "#0"},
				"down": {"uv": [15, 6, 14, 7], "texture": "#0"}
			}
		},
		{
			"from": [6.5, 5.52381, 7.5],
			"to": [7.5, 9.52381, 8.5],
			"rotation": {"angle": 0, "axis": "y", "origin": [0.5, 15.52381, 7.5]},
			"faces": {
				"north": {"uv": [13, 7, 14, 11], "texture": "#0"},
				"east": {"uv": [12, 7, 13, 11], "texture": "#0"},
				"south": {"uv": [15, 7, 16, 11], "texture": "#0"},
				"west": {"uv": [14, 7, 15, 11], "texture": "#0"},
				"up": {"uv": [14, 7, 13, 6], "texture": "#0"},
				"down": {"uv": [15, 6, 14, 7], "texture": "#0"}
			}
		},
		{
			"from": [7.5, 6.52381, 7.5],
			"to": [8.5, 10.52381, 8.5],
			"rotation": {"angle": 0, "axis": "y", "origin": [0.5, 15.52381, 7.5]},
			"faces": {
				"north": {"uv": [13, 7, 14, 11], "texture": "#0"},
				"east": {"uv": [12, 7, 13, 11], "texture": "#0"},
				"south": {"uv": [15, 7, 16, 11], "texture": "#0"},
				"west": {"uv": [14, 7, 15, 11], "texture": "#0"},
				"up": {"uv": [14, 7, 13, 6], "texture": "#0"},
				"down": {"uv": [15, 6, 14, 7], "texture": "#0"}
			}
		},
		{
			"from": [8.5, 7.52381, 7.5],
			"to": [9.5, 11.52381, 8.5],
			"rotation": {"angle": 0, "axis": "y", "origin": [0.5, 15.52381, 7.5]},
			"faces": {
				"north": {"uv": [1, 9, 2, 13], "texture": "#0"},
				"east": {"uv": [0, 9, 1, 13], "texture": "#0"},
				"south": {"uv": [3, 9, 4, 13], "texture": "#0"},
				"west": {"uv": [2, 9, 3, 13], "texture": "#0"},
				"up": {"uv": [2, 9, 1, 8], "texture": "#0"},
				"down": {"uv": [3, 8, 2, 9], "texture": "#0"}
			}
		},
		{
			"from": [9.5, 8.52381, 7.5],
			"to": [10.5, 12.52381, 8.5],
			"rotation": {"angle": 0, "axis": "y", "origin": [0.5, 15.52381, 7.5]},
			"faces": {
				"north": {"uv": [5, 11, 6, 15], "texture": "#0"},
				"east": {"uv": [4, 11, 5, 15], "texture": "#0"},
				"south": {"uv": [7, 11, 8, 15], "texture": "#0"},
				"west": {"uv": [6, 11, 7, 15], "texture": "#0"},
				"up": {"uv": [6, 11, 5, 10], "texture": "#0"},
				"down": {"uv": [7, 10, 6, 11], "texture": "#0"}
			}
		},
		{
			"from": [10.5, 9.52381, 7.5],
			"to": [11.5, 13.52381, 8.5],
			"rotation": {"angle": 0, "axis": "y", "origin": [0.5, 15.52381, 7.5]},
			"faces": {
				"north": {"uv": [5, 11, 6, 15], "texture": "#0"},
				"east": {"uv": [4, 11, 5, 15], "texture": "#0"},
				"south": {"uv": [7, 11, 8, 15], "texture": "#0"},
				"west": {"uv": [6, 11, 7, 15], "texture": "#0"},
				"up": {"uv": [6, 11, 5, 10], "texture": "#0"},
				"down": {"uv": [7, 10, 6, 11], "texture": "#0"}
			}
		},
		{
			"from": [11.5, 10.52381, 7.5],
			"to": [12.5, 14.52381, 8.5],
			"rotation": {"angle": 0, "axis": "y", "origin": [0.5, 15.52381, 7.5]},
			"faces": {
				"north": {"uv": [9, 12, 10, 16], "texture": "#0"},
				"east": {"uv": [8, 12, 9, 16], "texture": "#0"},
				"south": {"uv": [11, 12, 12, 16], "texture": "#0"},
				"west": {"uv": [10, 12, 11, 16], "texture": "#0"},
				"up": {"uv": [10, 12, 9, 11], "texture": "#0"},
				"down": {"uv": [11, 11, 10, 12], "texture": "#0"}
			}
		},
		{
			"from": [12.5, 11.52381, 7.5],
			"to": [13.5, 15.52381, 8.5],
			"rotation": {"angle": 0, "axis": "y", "origin": [0.5, 15.52381, 7.5]},
			"faces": {
				"north": {"uv": [9, 12, 10, 16], "texture": "#0"},
				"east": {"uv": [8, 12, 9, 16], "texture": "#0"},
				"south": {"uv": [11, 12, 12, 16], "texture": "#0"},
				"west": {"uv": [10, 12, 11, 16], "texture": "#0"},
				"up": {"uv": [10, 12, 9, 11], "texture": "#0"},
				"down": {"uv": [11, 11, 10, 12], "texture": "#0"}
			}
		},
		{
			"from": [13.5, 12.52381, 7.5],
			"to": [14.5, 15.52381, 8.5],
			"rotation": {"angle": 0, "axis": "y", "origin": [0.5, 15.52381, 7.5]},
			"faces": {
				"north": {"uv": [13, 12, 14, 15], "texture": "#0"},
				"east": {"uv": [12, 12, 13, 15], "texture": "#0"},
				"south": {"uv": [15, 12, 16, 15], "texture": "#0"},
				"west": {"uv": [14, 12, 15, 15], "texture": "#0"},
				"up": {"uv": [14, 12, 13, 11], "texture": "#0"},
				"down": {"uv": [15, 11, 14, 12], "texture": "#0"}
			}
		},
		{
			"from": [14.5, 12.52381, 7.5],
			"to": [15.5, 16.52381, 8.5],
			"rotation": {"angle": 0, "axis": "y", "origin": [0.5, 15.52381, 7.5]},
			"faces": {
				"north": {"uv": [9, 12, 10, 16], "texture": "#0"},
				"east": {"uv": [8, 12, 9, 16], "texture": "#0"},
				"south": {"uv": [11, 12, 12, 16], "texture": "#0"},
				"west": {"uv": [10, 12, 11, 16], "texture": "#0"},
				"up": {"uv": [10, 12, 9, 11], "texture": "#0"},
				"down": {"uv": [11, 11, 10, 12], "texture": "#0"}
			}
		},
		{
			"from": [15.5, 13.52381, 7.5],
			"to": [16.5, 16.52381, 8.5],
			"rotation": {"angle": 0, "axis": "y", "origin": [0.5, 15.52381, 7.5]},
			"faces": {
				"north": {"uv": [13, 12, 14, 15], "texture": "#0"},
				"east": {"uv": [12, 12, 13, 15], "texture": "#0"},
				"south": {"uv": [15, 12, 16, 15], "texture": "#0"},
				"west": {"uv": [14, 12, 15, 15], "texture": "#0"},
				"up": {"uv": [14, 12, 13, 11], "texture": "#0"},
				"down": {"uv": [15, 11, 14, 12], "texture": "#0"}
			}
		},
		{
			"from": [16.5, 13.52381, 7.5],
			"to": [17.5, 16.52381, 8.5],
			"rotation": {"angle": 0, "axis": "y", "origin": [0.5, 15.52381, 7.5]},
			"faces": {
				"north": {"uv": [13, 12, 14, 15], "texture": "#0"},
				"east": {"uv": [12, 12, 13, 15], "texture": "#0"},
				"south": {"uv": [15, 12, 16, 15], "texture": "#0"},
				"west": {"uv": [14, 12, 15, 15], "texture": "#0"},
				"up": {"uv": [14, 12, 13, 11], "texture": "#0"},
				"down": {"uv": [15, 11, 14, 12], "texture": "#0"}
			}
		},
		{
			"from": [17.5, 14.52381, 7.5],
			"to": [18.5, 16.52381, 8.5],
			"rotation": {"angle": 0, "axis": "y", "origin": [0.5, 15.52381, 7.5]},
			"faces": {
				"north": {"uv": [1, 14, 2, 16], "texture": "#0"},
				"east": {"uv": [0, 14, 1, 16], "texture": "#0"},
				"south": {"uv": [3, 14, 4, 16], "texture": "#0"},
				"west": {"uv": [2, 14, 3, 16], "texture": "#0"},
				"up": {"uv": [2, 14, 1, 13], "texture": "#0"},
				"down": {"uv": [3, 13, 2, 14], "texture": "#0"}
			}
		}
	],
	"gui_light": "front",
	"display": {
		"thirdperson_righthand": {
			"rotation": [0, -90, 40],
			"translation": [0, 6, 2.5],
			"scale": [0.85, 0.85, 0.85]
		},
		"thirdperson_lefthand": {
			"rotation": [0, 90, -40],
			"translation": [0, 6, 2.5],
			"scale": [0.85, 0.85, 0.85]
		},
		"firstperson_righthand": {
			"rotation": [0, -90, 25],
			"translation": [1.13, 4.5, 1.13],
			"scale": [0.68, 0.68, 0.68]
		},
		"firstperson_lefthand": {
			"rotation": [0, 90, -25],
			"translation": [1.13, 4.5, 1.13],
			"scale": [0.68, 0.68, 0.68]
		},
		"ground": {
			"translation": [0, 3, 0],
			"scale": [0.5, 0.5, 0.5]
		},
		"gui": {
			"translation": [0, 0.5, 0],
			"scale": [0.75, 0.75, 0.75]
		},
		"head": {
			"rotation": [0, -180, 0],
			"translation": [0, 14, 7]
		},
		"fixed": {
			"rotation": [0, -180, 0],
			"scale": [0.9, 0.9, 0.9]
		}
	}
}