{
	"credit": "Made by rikitikitivi",
	"texture_size": [32, 16],
	"textures": {
		"1": "./sheathed_diamond_katana_blocking",
		"particle": "./sheathed_diamond_katana_blocking"
	},
	"elements": [
		{
			"from": [-8.5, -8.35294, 7.5],
			"to": [-7.5, -6.35294, 8.5],
			"rotation": {"angle": 22.5, "axis": "z", "origin": [14.5, -0.35294, 7.5]},
			"faces": {
				"north": {"uv": [0.5, 6, 1, 8], "texture": "#1"},
				"east": {"uv": [0, 6, 0.5, 8], "texture": "#1"},
				"south": {"uv": [1.5, 6, 2, 8], "texture": "#1"},
				"west": {"uv": [1, 6, 1.5, 8], "texture": "#1"},
				"up": {"uv": [1, 6, 0.5, 5], "texture": "#1"},
				"down": {"uv": [1.5, 5, 1, 6], "texture": "#1"}
			}
		},
		{
			"from": [2.5, 0.64706, 7.5],
			"to": [3.5, 2.64706, 8.5],
			"rotation": {"angle": 22.5, "axis": "z", "origin": [14.5, -0.35294, 7.5]},
			"faces": {
				"north": {"uv": [2.5, 7, 3, 9], "texture": "#1"},
				"east": {"uv": [2, 7, 2.5, 9], "texture": "#1"},
				"south": {"uv": [3.5, 7, 4, 9], "texture": "#1"},
				"west": {"uv": [3, 7, 3.5, 9], "texture": "#1"},
				"up": {"uv": [3, 7, 2.5, 6], "texture": "#1"},
				"down": {"uv": [3.5, 6, 3, 7], "texture": "#1"}
			}
		},
		{
			"from": [2.5, -1.35294, 7.5],
			"to": [3.5, -0.35294, 8.5],
			"rotation": {"angle": 22.5, "axis": "z", "origin": [14.5, -0.35294, 7.5]},
			"faces": {
				"north": {"uv": [0.5, 1, 1, 2], "texture": "#1"},
				"east": {"uv": [0, 1, 0.5, 2], "texture": "#1"},
				"south": {"uv": [1.5, 1, 2, 2], "texture": "#1"},
				"west": {"uv": [1, 1, 1.5, 2], "texture": "#1"},
				"up": {"uv": [1, 1, 0.5, 0], "texture": "#1"},
				"down": {"uv": [1.5, 0, 1, 1], "texture": "#1"}
			}
		},
		{
			"from": [1.5, -2.35294, 7.5],
			"to": [2.5, -1.35294, 8.5],
			"rotation": {"angle": 22.5, "axis": "z", "origin": [14.5, -0.35294, 7.5]},
			"faces": {
				"north": {"uv": [0.5, 3, 1, 4], "texture": "#1"},
				"east": {"uv": [0, 3, 0.5, 4], "texture": "#1"},
				"south": {"uv": [1.5, 3, 2, 4], "texture": "#1"},
				"west": {"uv": [1, 3, 1.5, 4], "texture": "#1"},
				"up": {"uv": [1, 3, 0.5, 2], "texture": "#1"},
				"down": {"uv": [1.5, 2, 1, 3], "texture": "#1"}
			}
		},
		{
			"from": [1.5, -0.35294, 7.5],
			"to": [2.5, 3.64706, 8.5],
			"rotation": {"angle": 22.5, "axis": "z", "origin": [14.5, -0.35294, 7.5]},
			"faces": {
				"north": {"uv": [4.5, 12, 5, 16], "texture": "#1"},
				"east": {"uv": [4, 12, 4.5, 16], "texture": "#1"},
				"south": {"uv": [5.5, 12, 6, 16], "texture": "#1"},
				"west": {"uv": [5, 12, 5.5, 16], "texture": "#1"},
				"up": {"uv": [5, 12, 4.5, 11], "texture": "#1"},
				"down": {"uv": [5.5, 11, 5, 12], "texture": "#1"}
			}
		},
		{
			"from": [0.5, -1.35294, 7.5],
			"to": [1.5, 2.64706, 8.5],
			"rotation": {"angle": 22.5, "axis": "z", "origin": [14.5, -0.35294, 7.5]},
			"faces": {
				"north": {"uv": [2.5, 12, 3, 16], "texture": "#1"},
				"east": {"uv": [2, 12, 2.5, 16], "texture": "#1"},
				"south": {"uv": [3.5, 12, 4, 16], "texture": "#1"},
				"west": {"uv": [3, 12, 3.5, 16], "texture": "#1"},
				"up": {"uv": [3, 12, 2.5, 11], "texture": "#1"},
				"down": {"uv": [3.5, 11, 3, 12], "texture": "#1"}
			}
		},
		{
			"from": [-0.5, -2.35294, 7.5],
			"to": [0.5, 1.64706, 8.5],
			"rotation": {"angle": 22.5, "axis": "z", "origin": [14.5, -0.35294, 7.5]},
			"faces": {
				"north": {"uv": [6.5, 1, 7, 5], "texture": "#1"},
				"east": {"uv": [6, 1, 6.5, 5], "texture": "#1"},
				"south": {"uv": [7.5, 1, 8, 5], "texture": "#1"},
				"west": {"uv": [7, 1, 7.5, 5], "texture": "#1"},
				"up": {"uv": [7, 1, 6.5, 0], "texture": "#1"},
				"down": {"uv": [7.5, 0, 7, 1], "texture": "#1"}
			}
		},
		{
			"from": [-1.5, -3.35294, 7.5],
			"to": [-0.5, 0.64706, 8.5],
			"shade": false,
			"rotation": {"angle": 22.5, "axis": "z", "origin": [14.5, -0.35294, 7.5]},
			"faces": {
				"north": {"uv": [7, 1, 6.5, 5], "texture": "#1"},
				"east": {"uv": [7.5, 1, 7, 5], "texture": "#1"},
				"south": {"uv": [8, 1, 7.5, 5], "texture": "#1"},
				"west": {"uv": [6.5, 1, 6, 5], "texture": "#1"},
				"up": {"uv": [6.5, 1, 7, 0], "texture": "#1"},
				"down": {"uv": [7, 0, 7.5, 1], "texture": "#1"}
			}
		},
		{
			"from": [-2.5, -4.35294, 7.5],
			"to": [-1.5, -0.35294, 8.5],
			"rotation": {"angle": 22.5, "axis": "z", "origin": [14.5, -0.35294, 7.5]},
			"faces": {
				"north": {"uv": [6.5, 6, 7, 10], "texture": "#1"},
				"east": {"uv": [6, 6, 6.5, 10], "texture": "#1"},
				"south": {"uv": [7.5, 6, 8, 10], "texture": "#1"},
				"west": {"uv": [7, 6, 7.5, 10], "texture": "#1"},
				"up": {"uv": [7, 6, 6.5, 5], "texture": "#1"},
				"down": {"uv": [7.5, 5, 7, 6], "texture": "#1"}
			}
		},
		{
			"from": [-3.5, -5.35294, 7.5],
			"to": [-2.5, -1.35294, 8.5],
			"rotation": {"angle": 22.5, "axis": "z", "origin": [14.5, -0.35294, 7.5]},
			"faces": {
				"north": {"uv": [4.5, 1, 5, 5], "texture": "#1"},
				"east": {"uv": [4, 1, 4.5, 5], "texture": "#1"},
				"south": {"uv": [5.5, 1, 6, 5], "texture": "#1"},
				"west": {"uv": [5, 1, 5.5, 5], "texture": "#1"},
				"up": {"uv": [5, 1, 4.5, 0], "texture": "#1"},
				"down": {"uv": [5.5, 0, 5, 1], "texture": "#1"}
			}
		},
		{
			"from": [-4.5, -6.35294, 7.5],
			"to": [-3.5, -2.35294, 8.5],
			"rotation": {"angle": 22.5, "axis": "z", "origin": [14.5, -0.35294, 7.5]},
			"faces": {
				"north": {"uv": [4.5, 1, 5, 5], "texture": "#1"},
				"east": {"uv": [4, 1, 4.5, 5], "texture": "#1"},
				"south": {"uv": [5.5, 1, 6, 5], "texture": "#1"},
				"west": {"uv": [5, 1, 5.5, 5], "texture": "#1"},
				"up": {"uv": [5, 1, 4.5, 0], "texture": "#1"},
				"down": {"uv": [5.5, 0, 5, 1], "texture": "#1"}
			}
		},
		{
			"from": [-5.5, -7.35294, 7.5],
			"to": [-4.5, -3.35294, 8.5],
			"rotation": {"angle": 22.5, "axis": "z", "origin": [14.5, -0.35294, 7.5]},
			"faces": {
				"north": {"uv": [4.5, 1, 5, 5], "texture": "#1"},
				"east": {"uv": [4, 1, 4.5, 5], "texture": "#1"},
				"south": {"uv": [5.5, 1, 6, 5], "texture": "#1"},
				"west": {"uv": [5, 1, 5.5, 5], "texture": "#1"},
				"up": {"uv": [5, 1, 4.5, 0], "texture": "#1"},
				"down": {"uv": [5.5, 0, 5, 1], "texture": "#1"}
			}
		},
		{
			"from": [-6.5, -8.35294, 7.5],
			"to": [-5.5, -4.35294, 8.5],
			"rotation": {"angle": 22.5, "axis": "z", "origin": [14.5, -0.35294, 7.5]},
			"faces": {
				"north": {"uv": [4.5, 6, 5, 10], "texture": "#1"},
				"east": {"uv": [4, 6, 4.5, 10], "texture": "#1"},
				"south": {"uv": [5.5, 6, 6, 10], "texture": "#1"},
				"west": {"uv": [5, 6, 5.5, 10], "texture": "#1"},
				"up": {"uv": [5, 6, 4.5, 5], "texture": "#1"},
				"down": {"uv": [5.5, 5, 5, 6], "texture": "#1"}
			}
		},
		{
			"from": [-7.5, -8.35294, 7.5],
			"to": [-6.5, -5.35294, 8.5],
			"rotation": {"angle": 22.5, "axis": "z", "origin": [14.5, -0.35294, 7.5]},
			"faces": {
				"north": {"uv": [0.5, 9, 1, 12], "texture": "#1"},
				"east": {"uv": [0, 9, 0.5, 12], "texture": "#1"},
				"south": {"uv": [1.5, 9, 2, 12], "texture": "#1"},
				"west": {"uv": [1, 9, 1.5, 12], "texture": "#1"},
				"up": {"uv": [1, 9, 0.5, 8], "texture": "#1"},
				"down": {"uv": [1.5, 8, 1, 9], "texture": "#1"}
			}
		},
		{
			"from": [-0.5, -0.64706, 7.5],
			"to": [0.5, 1.35294, 8.5],
			"rotation": {"angle": 0, "axis": "y", "origin": [1.5, 16.35294, 7.5]},
			"faces": {
				"north": {"uv": [8.5, 1, 9, 3], "texture": "#1"},
				"east": {"uv": [8, 1, 8.5, 3], "texture": "#1"},
				"south": {"uv": [9.5, 1, 10, 3], "texture": "#1"},
				"west": {"uv": [9, 1, 9.5, 3], "texture": "#1"},
				"up": {"uv": [9, 1, 8.5, 0], "texture": "#1"},
				"down": {"uv": [9.5, 0, 9, 1], "texture": "#1"}
			}
		},
		{
			"from": [0.5, -0.64706, 7.5],
			"to": [1.5, 2.35294, 8.5],
			"rotation": {"angle": 0, "axis": "y", "origin": [1.5, 16.35294, 7.5]},
			"faces": {
				"north": {"uv": [10.5, 1, 11, 4], "texture": "#1"},
				"east": {"uv": [10, 1, 10.5, 4], "texture": "#1"},
				"south": {"uv": [11.5, 1, 12, 4], "texture": "#1"},
				"west": {"uv": [11, 1, 11.5, 4], "texture": "#1"},
				"up": {"uv": [11, 1, 10.5, 0], "texture": "#1"},
				"down": {"uv": [11.5, 0, 11, 1], "texture": "#1"}
			}
		},
		{
			"from": [1.5, 0.35294, 7.5],
			"to": [2.5, 3.35294, 8.5],
			"rotation": {"angle": 0, "axis": "y", "origin": [1.5, 16.35294, 7.5]},
			"faces": {
				"north": {"uv": [12.5, 1, 13, 4], "texture": "#1"},
				"east": {"uv": [12, 1, 12.5, 4], "texture": "#1"},
				"south": {"uv": [13.5, 1, 14, 4], "texture": "#1"},
				"west": {"uv": [13, 1, 13.5, 4], "texture": "#1"},
				"up": {"uv": [13, 1, 12.5, 0], "texture": "#1"},
				"down": {"uv": [13.5, 0, 13, 1], "texture": "#1"}
			}
		},
		{
			"from": [2.5, 1.35294, 7.5],
			"to": [3.5, 6.35294, 8.5],
			"rotation": {"angle": 0, "axis": "y", "origin": [1.5, 16.35294, 7.5]},
			"faces": {
				"north": {"uv": [14.5, 1, 15, 6], "texture": "#1"},
				"east": {"uv": [14, 1, 14.5, 6], "texture": "#1"},
				"south": {"uv": [15.5, 1, 16, 6], "texture": "#1"},
				"west": {"uv": [15, 1, 15.5, 6], "texture": "#1"},
				"up": {"uv": [15, 1, 14.5, 0], "texture": "#1"},
				"down": {"uv": [15.5, 0, 15, 1], "texture": "#1"}
			}
		},
		{
			"from": [3.5, 2.35294, 7.5],
			"to": [4.5, 6.35294, 8.5],
			"rotation": {"angle": 0, "axis": "y", "origin": [1.5, 16.35294, 7.5]},
			"faces": {
				"north": {"uv": [8.5, 4, 9, 8], "texture": "#1"},
				"east": {"uv": [8, 4, 8.5, 8], "texture": "#1"},
				"south": {"uv": [9.5, 4, 10, 8], "texture": "#1"},
				"west": {"uv": [9, 4, 9.5, 8], "texture": "#1"},
				"up": {"uv": [9, 4, 8.5, 3], "texture": "#1"},
				"down": {"uv": [9.5, 3, 9, 4], "texture": "#1"}
			}
		},
		{
			"from": [4.5, 2.35294, 7.5],
			"to": [5.5, 7.35294, 8.5],
			"rotation": {"angle": 0, "axis": "y", "origin": [1.5, 16.35294, 7.5]},
			"faces": {
				"north": {"uv": [10.5, 5, 11, 10], "texture": "#1"},
				"east": {"uv": [10, 5, 10.5, 10], "texture": "#1"},
				"south": {"uv": [11.5, 5, 12, 10], "texture": "#1"},
				"west": {"uv": [11, 5, 11.5, 10], "texture": "#1"},
				"up": {"uv": [11, 5, 10.5, 4], "texture": "#1"},
				"down": {"uv": [11.5, 4, 11, 5], "texture": "#1"}
			}
		},
		{
			"from": [5.5, 2.35294, 7.5],
			"to": [6.5, 8.35294, 8.5],
			"rotation": {"angle": 0, "axis": "y", "origin": [1.5, 16.35294, 7.5]},
			"faces": {
				"north": {"uv": [12.5, 5, 13, 11], "texture": "#1"},
				"east": {"uv": [12, 5, 12.5, 11], "texture": "#1"},
				"south": {"uv": [13.5, 5, 14, 11], "texture": "#1"},
				"west": {"uv": [13, 5, 13.5, 11], "texture": "#1"},
				"up": {"uv": [13, 5, 12.5, 4], "texture": "#1"},
				"down": {"uv": [13.5, 4, 13, 5], "texture": "#1"}
			}
		},
		{
			"from": [6.5, 5.35294, 7.5],
			"to": [7.5, 9.35294, 8.5],
			"rotation": {"angle": 0, "axis": "y", "origin": [1.5, 16.35294, 7.5]},
			"faces": {
				"north": {"uv": [14.5, 7, 15, 11], "texture": "#1"},
				"east": {"uv": [14, 7, 14.5, 11], "texture": "#1"},
				"south": {"uv": [15.5, 7, 16, 11], "texture": "#1"},
				"west": {"uv": [15, 7, 15.5, 11], "texture": "#1"},
				"up": {"uv": [15, 7, 14.5, 6], "texture": "#1"},
				"down": {"uv": [15.5, 6, 15, 7], "texture": "#1"}
			}
		},
		{
			"from": [7.5, 6.35294, 7.5],
			"to": [8.5, 10.35294, 8.5],
			"rotation": {"angle": 0, "axis": "y", "origin": [1.5, 16.35294, 7.5]},
			"faces": {
				"north": {"uv": [14.5, 7, 15, 11], "texture": "#1"},
				"east": {"uv": [14, 7, 14.5, 11], "texture": "#1"},
				"south": {"uv": [15.5, 7, 16, 11], "texture": "#1"},
				"west": {"uv": [15, 7, 15.5, 11], "texture": "#1"},
				"up": {"uv": [15, 7, 14.5, 6], "texture": "#1"},
				"down": {"uv": [15.5, 6, 15, 7], "texture": "#1"}
			}
		},
		{
			"from": [8.5, 7.35294, 7.5],
			"to": [9.5, 11.35294, 8.5],
			"rotation": {"angle": 0, "axis": "y", "origin": [1.5, 16.35294, 7.5]},
			"faces": {
				"north": {"uv": [14.5, 7, 15, 11], "texture": "#1"},
				"east": {"uv": [14, 7, 14.5, 11], "texture": "#1"},
				"south": {"uv": [15.5, 7, 16, 11], "texture": "#1"},
				"west": {"uv": [15, 7, 15.5, 11], "texture": "#1"},
				"up": {"uv": [15, 7, 14.5, 6], "texture": "#1"},
				"down": {"uv": [15.5, 6, 15, 7], "texture": "#1"}
			}
		},
		{
			"from": [9.5, 8.35294, 7.5],
			"to": [10.5, 12.35294, 8.5],
			"rotation": {"angle": 0, "axis": "y", "origin": [1.5, 16.35294, 7.5]},
			"faces": {
				"north": {"uv": [8.5, 9, 9, 13], "texture": "#1"},
				"east": {"uv": [8, 9, 8.5, 13], "texture": "#1"},
				"south": {"uv": [9.5, 9, 10, 13], "texture": "#1"},
				"west": {"uv": [9, 9, 9.5, 13], "texture": "#1"},
				"up": {"uv": [9, 9, 8.5, 8], "texture": "#1"},
				"down": {"uv": [9.5, 8, 9, 9], "texture": "#1"}
			}
		},
		{
			"from": [10.5, 9.35294, 7.5],
			"to": [11.5, 13.35294, 8.5],
			"rotation": {"angle": 0, "axis": "y", "origin": [1.5, 16.35294, 7.5]},
			"faces": {
				"north": {"uv": [10.5, 11, 11, 15], "texture": "#1"},
				"east": {"uv": [10, 11, 10.5, 15], "texture": "#1"},
				"south": {"uv": [11.5, 11, 12, 15], "texture": "#1"},
				"west": {"uv": [11, 11, 11.5, 15], "texture": "#1"},
				"up": {"uv": [11, 11, 10.5, 10], "texture": "#1"},
				"down": {"uv": [11.5, 10, 11, 11], "texture": "#1"}
			}
		},
		{
			"from": [11.5, 10.35294, 7.5],
			"to": [12.5, 14.35294, 8.5],
			"rotation": {"angle": 0, "axis": "y", "origin": [1.5, 16.35294, 7.5]},
			"faces": {
				"north": {"uv": [10.5, 11, 11, 15], "texture": "#1"},
				"east": {"uv": [10, 11, 10.5, 15], "texture": "#1"},
				"south": {"uv": [11.5, 11, 12, 15], "texture": "#1"},
				"west": {"uv": [11, 11, 11.5, 15], "texture": "#1"},
				"up": {"uv": [11, 11, 10.5, 10], "texture": "#1"},
				"down": {"uv": [11.5, 10, 11, 11], "texture": "#1"}
			}
		},
		{
			"from": [12.5, 11.35294, 7.5],
			"to": [13.5, 15.35294, 8.5],
			"rotation": {"angle": 0, "axis": "y", "origin": [1.5, 16.35294, 7.5]},
			"faces": {
				"north": {"uv": [12.5, 12, 13, 16], "texture": "#1"},
				"east": {"uv": [12, 12, 12.5, 16], "texture": "#1"},
				"south": {"uv": [13.5, 12, 14, 16], "texture": "#1"},
				"west": {"uv": [13, 12, 13.5, 16], "texture": "#1"},
				"up": {"uv": [13, 12, 12.5, 11], "texture": "#1"},
				"down": {"uv": [13.5, 11, 13, 12], "texture": "#1"}
			}
		},
		{
			"from": [13.5, 12.35294, 7.5],
			"to": [14.5, 15.35294, 8.5],
			"rotation": {"angle": 0, "axis": "y", "origin": [1.5, 16.35294, 7.5]},
			"faces": {
				"north": {"uv": [14.5, 12, 15, 15], "texture": "#1"},
				"east": {"uv": [14, 12, 14.5, 15], "texture": "#1"},
				"south": {"uv": [15.5, 12, 16, 15], "texture": "#1"},
				"west": {"uv": [15, 12, 15.5, 15], "texture": "#1"},
				"up": {"uv": [15, 12, 14.5, 11], "texture": "#1"},
				"down": {"uv": [15.5, 11, 15, 12], "texture": "#1"}
			}
		},
		{
			"from": [14.5, 13.35294, 7.5],
			"to": [15.5, 15.35294, 8.5],
			"rotation": {"angle": 0, "axis": "y", "origin": [1.5, 16.35294, 7.5]},
			"faces": {
				"north": {"uv": [8.5, 14, 9, 16], "texture": "#1"},
				"east": {"uv": [8, 14, 8.5, 16], "texture": "#1"},
				"south": {"uv": [9.5, 14, 10, 16], "texture": "#1"},
				"west": {"uv": [9, 14, 9.5, 16], "texture": "#1"},
				"up": {"uv": [9, 14, 8.5, 13], "texture": "#1"},
				"down": {"uv": [9.5, 13, 9, 14], "texture": "#1"}
			}
		}
	],
	"gui_light": "front",
	"display": {
		"thirdperson_righthand": {
			"rotation": [0, -90, 40],
			"translation": [0, 4, 2],
			"scale": [0.85, 0.85, 0.85]
		},
		"thirdperson_lefthand": {
			"rotation": [0, 90, -40],
			"translation": [0, 4, 2],
			"scale": [0.85, 0.85, 0.85]
		},
		"firstperson_righthand": {
			"rotation": [0, -45, 25],
			"translation": [-7, 4.25, 1.38],
			"scale": [0.68, 0.68, 0.68]
		},
		"firstperson_lefthand": {
			"rotation": [0, 135, -25],
			"translation": [-7, 4.25, 1.38],
			"scale": [0.68, 0.68, 0.68]
		},
		"ground": {
			"rotation": [0, -180, 75],
			"translation": [3, 5, 0],
			"scale": [0.45, 0.45, 0.45]
		},
		"gui": {
			"rotation": [0, -180, 0],
			"translation": [-0.5, 0.5, 0],
			"scale": [0.92, 0.92, 0.92]
		},
		"head": {
			"rotation": [0, -180, 75],
			"translation": [4.5, 15, 6.5],
			"scale": [0.6, 0.6, 0.6]
		},
		"fixed": {
			"rotation": [0, -180, 75],
			"translation": [4.25, 2.25, 0],
			"scale": [0.6, 0.6, 0.6]
		}
	},
	"groups": [
		{
			"name": "group",
			"origin": [1.5, 16.35294, 7.5],
			"children": [0, 1, 2, 3, 4, 5, 6, 7, 8, 9, 10, 11, 12, 13]
		},
		{
			"name": "group",
			"origin": [1.5, 16.35294, 7.5],
			"children": [14, 15, 16, 17, 18, 19, 20, 21, 22, 23, 24, 25, 26, 27, 28, 29]
		}
	]
}