{
	"credit": "Made by rikitikitivi",
	"texture_size": [32, 16],
	"textures": {
		"2": "./sheathed_diamond_katana",
		"particle": "./sheathed_diamond_katana"
	},
	"elements": [
		{
			"from": [-7.5, -14.35294, 7.5],
			"to": [-6.5, -12.35294, 8.5],
			"rotation": {"angle": -22.5, "axis": "z", "origin": [14.5, -0.35294, 7.5]},
			"faces": {
				"north": {"uv": [0.5, 6, 1, 8], "texture": "#2"},
				"east": {"uv": [0, 6, 0.5, 8], "texture": "#2"},
				"south": {"uv": [1.5, 6, 2, 8], "texture": "#2"},
				"west": {"uv": [1, 6, 1.5, 8], "texture": "#2"},
				"up": {"uv": [1, 6, 0.5, 5], "texture": "#2"},
				"down": {"uv": [1.5, 5, 1, 6], "texture": "#2"}
			}
		},
		{
			"from": [3.5, -5.35294, 7.5],
			"to": [4.5, -1.35294, 8.5],
			"rotation": {"angle": -22.5, "axis": "z", "origin": [14.5, -0.35294, 7.5]},
			"faces": {
				"north": {"uv": [2.5, 5, 3, 9], "texture": "#2"},
				"east": {"uv": [2, 5, 2.5, 9], "texture": "#2"},
				"south": {"uv": [3.5, 5, 4, 9], "texture": "#2"},
				"west": {"uv": [3, 5, 3.5, 9], "texture": "#2"},
				"up": {"uv": [3, 5, 2.5, 4], "texture": "#2"},
				"down": {"uv": [3.5, 4, 3, 5], "texture": "#2"}
			}
		},
		{
			"from": [4.5, -5.35294, 7.5],
			"to": [5.5, -0.35294, 8.5],
			"rotation": {"angle": -22.5, "axis": "z", "origin": [14.5, -0.35294, 7.5]},
			"faces": {
				"north": {"uv": [6.5, 11, 7, 16], "texture": "#2"},
				"east": {"uv": [6, 11, 6.5, 16], "texture": "#2"},
				"south": {"uv": [7.5, 11, 8, 16], "texture": "#2"},
				"west": {"uv": [7, 11, 7.5, 16], "texture": "#2"},
				"up": {"uv": [7, 11, 6.5, 10], "texture": "#2"},
				"down": {"uv": [7.5, 10, 7, 11], "texture": "#2"}
			}
		},
		{
			"from": [5.5, -2.35294, 7.5],
			"to": [6.5, 0.64706, 8.5],
			"rotation": {"angle": -22.5, "axis": "z", "origin": [14.5, -0.35294, 7.5]},
			"faces": {
				"north": {"uv": [12.5, 1, 13, 4], "texture": "#2"},
				"east": {"uv": [12, 1, 12.5, 4], "texture": "#2"},
				"south": {"uv": [13.5, 1, 14, 4], "texture": "#2"},
				"west": {"uv": [13, 1, 13.5, 4], "texture": "#2"},
				"up": {"uv": [13, 1, 12.5, 0], "texture": "#2"},
				"down": {"uv": [13.5, 0, 13, 1], "texture": "#2"}
			}
		},
		{
			"from": [6.5, -1.35294, 7.5],
			"to": [7.5, 1.64706, 8.5],
			"rotation": {"angle": -22.5, "axis": "z", "origin": [14.5, -0.35294, 7.5]},
			"faces": {
				"north": {"uv": [10.5, 1, 11, 4], "texture": "#2"},
				"east": {"uv": [10, 1, 10.5, 4], "texture": "#2"},
				"south": {"uv": [11.5, 1, 12, 4], "texture": "#2"},
				"west": {"uv": [11, 1, 11.5, 4], "texture": "#2"},
				"up": {"uv": [11, 1, 10.5, 0], "texture": "#2"},
				"down": {"uv": [11.5, 0, 11, 1], "texture": "#2"}
			}
		},
		{
			"from": [7.5, -0.35294, 7.5],
			"to": [8.5, 1.64706, 8.5],
			"rotation": {"angle": -22.5, "axis": "z", "origin": [14.5, -0.35294, 7.5]},
			"faces": {
				"north": {"uv": [8.5, 1, 9, 3], "texture": "#2"},
				"east": {"uv": [8, 1, 8.5, 3], "texture": "#2"},
				"south": {"uv": [9.5, 1, 10, 3], "texture": "#2"},
				"west": {"uv": [9, 1, 9.5, 3], "texture": "#2"},
				"up": {"uv": [9, 1, 8.5, 0], "texture": "#2"},
				"down": {"uv": [9.5, 0, 9, 1], "texture": "#2"}
			}
		},
		{
			"from": [3.5, -7.35294, 7.5],
			"to": [4.5, -6.35294, 8.5],
			"rotation": {"angle": -22.5, "axis": "z", "origin": [14.5, -0.35294, 7.5]},
			"faces": {
				"north": {"uv": [0.5, 1, 1, 2], "texture": "#2"},
				"east": {"uv": [0, 1, 0.5, 2], "texture": "#2"},
				"south": {"uv": [1.5, 1, 2, 2], "texture": "#2"},
				"west": {"uv": [1, 1, 1.5, 2], "texture": "#2"},
				"up": {"uv": [1, 1, 0.5, 0], "texture": "#2"},
				"down": {"uv": [1.5, 0, 1, 1], "texture": "#2"}
			}
		},
		{
			"from": [2.5, -8.35294, 7.5],
			"to": [3.5, -7.35294, 8.5],
			"rotation": {"angle": -22.5, "axis": "z", "origin": [14.5, -0.35294, 7.5]},
			"faces": {
				"north": {"uv": [0.5, 3, 1, 4], "texture": "#2"},
				"east": {"uv": [0, 3, 0.5, 4], "texture": "#2"},
				"south": {"uv": [1.5, 3, 2, 4], "texture": "#2"},
				"west": {"uv": [1, 3, 1.5, 4], "texture": "#2"},
				"up": {"uv": [1, 3, 0.5, 2], "texture": "#2"},
				"down": {"uv": [1.5, 2, 1, 3], "texture": "#2"}
			}
		},
		{
			"from": [2.5, -6.35294, 7.5],
			"to": [3.5, -1.35294, 8.5],
			"rotation": {"angle": -22.5, "axis": "z", "origin": [14.5, -0.35294, 7.5]},
			"faces": {
				"north": {"uv": [4.5, 11, 5, 16], "texture": "#2"},
				"east": {"uv": [4, 11, 4.5, 16], "texture": "#2"},
				"south": {"uv": [5.5, 11, 6, 16], "texture": "#2"},
				"west": {"uv": [5, 11, 5.5, 16], "texture": "#2"},
				"up": {"uv": [5, 11, 4.5, 10], "texture": "#2"},
				"down": {"uv": [5.5, 10, 5, 11], "texture": "#2"}
			}
		},
		{
			"from": [1.5, -7.35294, 7.5],
			"to": [2.5, -1.35294, 8.5],
			"rotation": {"angle": -22.5, "axis": "z", "origin": [14.5, -0.35294, 7.5]},
			"faces": {
				"north": {"uv": [2.5, 10, 3, 16], "texture": "#2"},
				"east": {"uv": [2, 10, 2.5, 16], "texture": "#2"},
				"south": {"uv": [3.5, 10, 4, 16], "texture": "#2"},
				"west": {"uv": [3, 10, 3.5, 16], "texture": "#2"},
				"up": {"uv": [3, 10, 2.5, 9], "texture": "#2"},
				"down": {"uv": [3.5, 9, 3, 10], "texture": "#2"}
			}
		},
		{
			"from": [0.5, -8.35294, 7.5],
			"to": [1.5, -4.35294, 8.5],
			"rotation": {"angle": -22.5, "axis": "z", "origin": [14.5, -0.35294, 7.5]},
			"faces": {
				"north": {"uv": [6.5, 1, 7, 5], "texture": "#2"},
				"east": {"uv": [6, 1, 6.5, 5], "texture": "#2"},
				"south": {"uv": [7.5, 1, 8, 5], "texture": "#2"},
				"west": {"uv": [7, 1, 7.5, 5], "texture": "#2"},
				"up": {"uv": [7, 1, 6.5, 0], "texture": "#2"},
				"down": {"uv": [7.5, 0, 7, 1], "texture": "#2"}
			}
		},
		{
			"from": [-0.5, -9.35294, 7.5],
			"to": [0.5, -5.35294, 8.5],
			"shade": false,
			"rotation": {"angle": -22.5, "axis": "z", "origin": [14.5, -0.35294, 7.5]},
			"faces": {
				"north": {"uv": [7, 1, 6.5, 5], "texture": "#2"},
				"east": {"uv": [7.5, 1, 7, 5], "texture": "#2"},
				"south": {"uv": [8, 1, 7.5, 5], "texture": "#2"},
				"west": {"uv": [6.5, 1, 6, 5], "texture": "#2"},
				"up": {"uv": [6.5, 1, 7, 0], "texture": "#2"},
				"down": {"uv": [7, 0, 7.5, 1], "texture": "#2"}
			}
		},
		{
			"from": [-1.5, -10.35294, 7.5],
			"to": [-0.5, -6.35294, 8.5],
			"rotation": {"angle": -22.5, "axis": "z", "origin": [14.5, -0.35294, 7.5]},
			"faces": {
				"north": {"uv": [6.5, 6, 7, 10], "texture": "#2"},
				"east": {"uv": [6, 6, 6.5, 10], "texture": "#2"},
				"south": {"uv": [7.5, 6, 8, 10], "texture": "#2"},
				"west": {"uv": [7, 6, 7.5, 10], "texture": "#2"},
				"up": {"uv": [7, 6, 6.5, 5], "texture": "#2"},
				"down": {"uv": [7.5, 5, 7, 6], "texture": "#2"}
			}
		},
		{
			"from": [-2.5, -11.35294, 7.5],
			"to": [-1.5, -7.35294, 8.5],
			"rotation": {"angle": -22.5, "axis": "z", "origin": [14.5, -0.35294, 7.5]},
			"faces": {
				"north": {"uv": [4.5, 1, 5, 5], "texture": "#2"},
				"east": {"uv": [4, 1, 4.5, 5], "texture": "#2"},
				"south": {"uv": [5.5, 1, 6, 5], "texture": "#2"},
				"west": {"uv": [5, 1, 5.5, 5], "texture": "#2"},
				"up": {"uv": [5, 1, 4.5, 0], "texture": "#2"},
				"down": {"uv": [5.5, 0, 5, 1], "texture": "#2"}
			}
		},
		{
			"from": [-3.5, -12.35294, 7.5],
			"to": [-2.5, -8.35294, 8.5],
			"rotation": {"angle": -22.5, "axis": "z", "origin": [14.5, -0.35294, 7.5]},
			"faces": {
				"north": {"uv": [4.5, 1, 5, 5], "texture": "#2"},
				"east": {"uv": [4, 1, 4.5, 5], "texture": "#2"},
				"south": {"uv": [5.5, 1, 6, 5], "texture": "#2"},
				"west": {"uv": [5, 1, 5.5, 5], "texture": "#2"},
				"up": {"uv": [5, 1, 4.5, 0], "texture": "#2"},
				"down": {"uv": [5.5, 0, 5, 1], "texture": "#2"}
			}
		},
		{
			"from": [-4.5, -13.35294, 7.5],
			"to": [-3.5, -9.35294, 8.5],
			"rotation": {"angle": -22.5, "axis": "z", "origin": [14.5, -0.35294, 7.5]},
			"faces": {
				"north": {"uv": [4.5, 1, 5, 5], "texture": "#2"},
				"east": {"uv": [4, 1, 4.5, 5], "texture": "#2"},
				"south": {"uv": [5.5, 1, 6, 5], "texture": "#2"},
				"west": {"uv": [5, 1, 5.5, 5], "texture": "#2"},
				"up": {"uv": [5, 1, 4.5, 0], "texture": "#2"},
				"down": {"uv": [5.5, 0, 5, 1], "texture": "#2"}
			}
		},
		{
			"from": [-5.5, -14.35294, 7.5],
			"to": [-4.5, -10.35294, 8.5],
			"rotation": {"angle": -22.5, "axis": "z", "origin": [14.5, -0.35294, 7.5]},
			"faces": {
				"north": {"uv": [4.5, 6, 5, 10], "texture": "#2"},
				"east": {"uv": [4, 6, 4.5, 10], "texture": "#2"},
				"south": {"uv": [5.5, 6, 6, 10], "texture": "#2"},
				"west": {"uv": [5, 6, 5.5, 10], "texture": "#2"},
				"up": {"uv": [5, 6, 4.5, 5], "texture": "#2"},
				"down": {"uv": [5.5, 5, 5, 6], "texture": "#2"}
			}
		},
		{
			"from": [-6.5, -14.35294, 7.5],
			"to": [-5.5, -11.35294, 8.5],
			"rotation": {"angle": -22.5, "axis": "z", "origin": [14.5, -0.35294, 7.5]},
			"faces": {
				"north": {"uv": [0.5, 9, 1, 12], "texture": "#2"},
				"east": {"uv": [0, 9, 0.5, 12], "texture": "#2"},
				"south": {"uv": [1.5, 9, 2, 12], "texture": "#2"},
				"west": {"uv": [1, 9, 1.5, 12], "texture": "#2"},
				"up": {"uv": [1, 9, 0.5, 8], "texture": "#2"},
				"down": {"uv": [1.5, 8, 1, 9], "texture": "#2"}
			}
		}
	],
	"gui_light": "front",
	"display": {
		"thirdperson_righthand": {
			"rotation": [0, -90, 60],
			"translation": [-1.5, 3, -1],
			"scale": [0.85, 0.85, 0.85]
		},
		"thirdperson_lefthand": {
			"rotation": [0, 90, -60],
			"translation": [-1.5, 3, -1],
			"scale": [0.85, 0.85, 0.85]
		},
		"firstperson_righthand": {
			"rotation": [0, 90, 0],
			"translation": [-3, 7.5, 4],
			"scale": [0.68, 0.68, 0.68]
		},
		"firstperson_lefthand": {
			"rotation": [0, -90, 0],
			"translation": [-3, 7.5, 4],
			"scale": [0.68, 0.68, 0.68]
		},
		"ground": {
			"rotation": [0, -180, 23],
			"translation": [-3, 8, 0],
			"scale": [0.5, 0.5, 0.5]
		},
		"gui": {
			"rotation": [0, 0, 23],
			"translation": [4.5, 10.5, 0],
			"scale": [0.92, 0.92, 0.92]
		},
		"head": {
			"rotation": [0, -180, 23],
			"translation": [-4, 25, 7]
		},
		"fixed": {
			"rotation": [0, -180, 23],
			"translation": [-4.75, 11.5, 0],
			"scale": [1.02, 1.02, 1.02]
		}
	},
	"groups": [
		{
			"name": "group",
			"origin": [1.5, 16.35294, 7.5],
			"children": [0, 1, 2, 3, 4, 5, 6, 7, 8, 9, 10, 11, 12, 13, 14, 15, 16, 17]
		}
	]
}