{
	"credit": "Made by rikitikitivi",
	"texture_size": [32, 32],
	"textures": {
		"0": "./small_shield",
		"particle": "block/spruce_planks"
	},
	"elements": [
		{
			"name": "shield",
			"from": [-1, -3, -5],
			"to": [1, 3, 1],
			"rotation": {"angle": 0, "axis": "y", "origin": [8, -3, 9]},
			"faces": {
				"north": {"uv": [11, 13, 12, 16], "texture": "#0"},
				"east": {"uv": [8, 13, 11, 16], "texture": "#0"},
				"south": {"uv": [15, 13, 16, 16], "texture": "#0"},
				"west": {"uv": [12, 13, 15, 16], "texture": "#0"},
				"up": {"uv": [12, 13, 11, 10], "texture": "#0"},
				"down": {"uv": [13, 10, 12, 13], "texture": "#0"}
			}
		},
		{
			"name": "shield",
			"from": [-6, -6, 1],
			"to": [6, 6, 2],
			"rotation": {"angle": 0, "axis": "y", "origin": [8, -3, 9]},
			"faces": {
				"north": {"uv": [0.5, 0.5, 6.5, 6.5], "texture": "#0"},
				"east": {"uv": [0, 0.5, 0.5, 6.5], "texture": "#0"},
				"south": {"uv": [7, 0.5, 13, 6.5], "texture": "#0"},
				"west": {"uv": [6.5, 0.5, 7, 6.5], "texture": "#0"},
				"up": {"uv": [6.5, 0.5, 0.5, 0], "texture": "#0"},
				"down": {"uv": [12.5, 0, 6.5, 0.5], "texture": "#0"}
			}
		},
		{
			"name": "shield",
			"from": [-4, -4, 1.5],
			"to": [4, 4, 2.5],
			"rotation": {"angle": 0, "axis": "y", "origin": [8, -3, 9]},
			"faces": {
				"north": {"uv": [0.5, 7, 4.5, 11], "texture": "#0"},
				"east": {"uv": [0, 7, 0.5, 11], "texture": "#0"},
				"south": {"uv": [5, 7, 9, 11], "texture": "#0"},
				"west": {"uv": [4.5, 7, 5, 11], "texture": "#0"},
				"up": {"uv": [4.5, 7, 0.5, 6.5], "texture": "#0"},
				"down": {"uv": [8.5, 6.5, 4.5, 7], "texture": "#0"}
			}
		},
		{
			"name": "shield",
			"from": [-1, -1, 2],
			"to": [1, 1, 3],
			"rotation": {"angle": 0, "axis": "y", "origin": [8, -3, 9]},
			"faces": {
				"north": {"uv": [13.5, 0.5, 14.5, 1.5], "texture": "#0"},
				"east": {"uv": [13, 0.5, 13.5, 1.5], "texture": "#0"},
				"south": {"uv": [15, 0.5, 16, 1.5], "texture": "#0"},
				"west": {"uv": [14.5, 0.5, 15, 1.5], "texture": "#0"},
				"up": {"uv": [14.5, 0.5, 13.5, 0], "texture": "#0"},
				"down": {"uv": [15.5, 0, 14.5, 0.5], "texture": "#0"}
			}
		}
	],
	"gui_light": "front",
	"display": {
		"thirdperson_righthand": {
			"rotation": [0, 90, 0],
			"translation": [10, 6, -4]
		},
		"thirdperson_lefthand": {
			"rotation": [0, 90, 0],
			"translation": [10, 6, 12]
		},
		"firstperson_righthand": {
			"rotation": [0, -180, 5],
			"translation": [-10, 2, -10],
			"scale": [1.25, 1.25, 1.25]
		},
		"firstperson_lefthand": {
			"rotation": [0, -180, 5],
			"translation": [10, 2, -10],
			"scale": [1.25, 1.25, 1.25]
		},
		"ground": {
			"translation": [4, 4, 2],
			"scale": [0.25, 0.25, 0.25]
		},
		"gui": {
			"rotation": [15, -25, -5],
			"translation": [3.75, 3.5, 0],
			"scale": [0.75, 0.75, 0.75]
		},
		"head": {
			"rotation": [0, -180, 0],
			"translation": [-8, 20, 0]
		},
		"fixed": {
			"rotation": [0, -180, 0],
			"translation": [-5, 5, -5],
			"scale": [0.65, 0.65, 0.65]
		}
	},
	"groups": [
		{
			"name": "shield",
			"origin": [0, 0, 0],
			"children": [0, 1, 2, 3]
		}
	]
}