{
	"credit": "Made by rikitikitivi",
	"texture_size": [64, 32],
	"textures": {
		"1": "./straw_hat",
		"particle": "./straw_hat"
	},
	"elements": [
		{
			"from": [2, 9, 2],
			"to": [14, 9, 14],
			"rotation": {"angle": 0, "axis": "y", "origin": [2, 6, 2]},
			"faces": {
				"north": {"uv": [3, 6, 6, 6], "texture": "#1"},
				"east": {"uv": [0, 6, 3, 6], "texture": "#1"},
				"south": {"uv": [9, 6, 12, 6], "texture": "#1"},
				"west": {"uv": [6, 6, 9, 6], "texture": "#1"},
				"up": {"uv": [6, 6, 3, 0], "texture": "#1"},
				"down": {"uv": [9, 0, 6, 6], "texture": "#1"}
			}
		},
		{
			"from": [2, 8, 2],
			"to": [14, 9, 2],
			"rotation": {"angle": 0, "axis": "y", "origin": [2, 6, 2]},
			"faces": {
				"north": {"uv": [6, 6, 9, 6.5], "texture": "#1"},
				"east": {"uv": [6, 6, 6, 6.5], "texture": "#1"},
				"south": {"uv": [9, 6, 12, 6.5], "texture": "#1"},
				"west": {"uv": [9, 6, 9, 6.5], "texture": "#1"},
				"up": {"uv": [9, 6, 6, 6], "texture": "#1"},
				"down": {"uv": [12, 6, 9, 6], "texture": "#1"}
			}
		},
		{
			"from": [2, 8, 14],
			"to": [14, 9, 14],
			"rotation": {"angle": 0, "axis": "y", "origin": [2, 6, 2]},
			"faces": {
				"north": {"uv": [6, 6, 9, 6.5], "texture": "#1"},
				"east": {"uv": [6, 6, 6, 6.5], "texture": "#1"},
				"south": {"uv": [9, 6, 12, 6.5], "texture": "#1"},
				"west": {"uv": [9, 6, 9, 6.5], "texture": "#1"},
				"up": {"uv": [9, 6, 6, 6], "texture": "#1"},
				"down": {"uv": [12, 6, 9, 6], "texture": "#1"}
			}
		},
		{
			"from": [14, 8, 2],
			"to": [14, 9, 14],
			"rotation": {"angle": 0, "axis": "y", "origin": [2, 6, 2]},
			"faces": {
				"north": {"uv": [3, 6, 3, 6.5], "texture": "#1"},
				"east": {"uv": [0, 6, 3, 6.5], "texture": "#1"},
				"south": {"uv": [6, 6, 6, 6.5], "texture": "#1"},
				"west": {"uv": [3, 6, 6, 6.5], "texture": "#1"},
				"up": {"uv": [3, 6, 3, 0], "texture": "#1"},
				"down": {"uv": [3, 0, 3, 6], "texture": "#1"}
			}
		},
		{
			"from": [2, 8, 2],
			"to": [2, 9, 14],
			"rotation": {"angle": 0, "axis": "y", "origin": [2, 6, 2]},
			"faces": {
				"north": {"uv": [3, 6, 3, 6.5], "texture": "#1"},
				"east": {"uv": [0, 6, 3, 6.5], "texture": "#1"},
				"south": {"uv": [6, 6, 6, 6.5], "texture": "#1"},
				"west": {"uv": [3, 6, 6, 6.5], "texture": "#1"},
				"up": {"uv": [3, 6, 3, 0], "texture": "#1"},
				"down": {"uv": [3, 0, 3, 6], "texture": "#1"}
			}
		},
		{
			"from": [4.5, 9, 4.5],
			"to": [11.5, 11, 11.5],
			"rotation": {"angle": 0, "axis": "y", "origin": [2, 6, 2]},
			"faces": {
				"north": {"uv": [1.75, 10, 3.5, 11], "texture": "#1"},
				"east": {"uv": [0, 10, 1.75, 11], "texture": "#1"},
				"south": {"uv": [5.25, 10, 7, 11], "texture": "#1"},
				"west": {"uv": [3.5, 10, 5.25, 11], "texture": "#1"},
				"up": {"uv": [3.5, 10, 1.75, 6.5], "texture": "#1"},
				"down": {"uv": [5.25, 6.5, 3.5, 10], "texture": "#1"}
			}
		}
	],
	"display": {
		"thirdperson_righthand": {
			"scale": [0.5, 0.5, 0.5]
		},
		"thirdperson_lefthand": {
			"scale": [0.5, 0.5, 0.5]
		},
		"firstperson_righthand": {
			"rotation": [20, -20, -20],
			"scale": [0.5, 0.5, 0.5]
		},
		"firstperson_lefthand": {
			"rotation": [20, -20, -20],
			"scale": [0.5, 0.5, 0.5]
		},
		"ground": {
			"rotation": [-20, 20, 20],
			"translation": [0, 1, 0],
			"scale": [0.5, 0.5, 0.5]
		},
		"gui": {
			"rotation": [20, -40, -20],
			"translation": [0, -0.25, 0],
			"scale": [0.75, 0.75, 0.75]
		},
		"head": {
			"rotation": [15, 0, 0],
			"translation": [0, 2.8, -0.25],
			"scale": [2.06, 2.06, 2.06]
		},
		"fixed": {
			"rotation": [-90, 0, 0],
			"scale": [0.75, 0.75, 0.75]
		}
	},
	"groups": [
		{
			"name": "group",
			"origin": [2, 6, 2],
			"children": [0, 1, 2, 3, 4, 5]
		}
	]
}