{
	"credit": "Made by rikitikitivi",
	"textures": {
		"0": "./golden_naginata",
		"particle": "./golden_naginata"
	},
	"elements": [
		{
			"from": [18.32143, -4.41071, 7.5],
			"to": [19.32143, -2.41071, 8.5],
			"shade": false,
			"rotation": {"angle": 0, "axis": "y", "origin": [16.32143, -1.41071, 8.5]},
			"faces": {
				"north": {"uv": [2, 1, 1, 3], "texture": "#0"},
				"east": {"uv": [3, 1, 2, 3], "texture": "#0"},
				"south": {"uv": [4, 1, 3, 3], "texture": "#0"},
				"west": {"uv": [1, 1, 0, 3], "texture": "#0"},
				"up": {"uv": [1, 1, 2, 0], "texture": "#0"},
				"down": {"uv": [2, 0, 3, 1], "texture": "#0"}
			}
		},
		{
			"from": [17.32143, -4.41071, 7.5],
			"to": [18.32143, -1.41071, 8.5],
			"shade": false,
			"rotation": {"angle": 0, "axis": "y", "origin": [16.32143, -1.41071, 8.5]},
			"faces": {
				"north": {"uv": [2, 4, 1, 7], "texture": "#0"},
				"east": {"uv": [3, 4, 2, 7], "texture": "#0"},
				"south": {"uv": [4, 4, 3, 7], "texture": "#0"},
				"west": {"uv": [1, 4, 0, 7], "texture": "#0"},
				"up": {"uv": [1, 4, 2, 3], "texture": "#0"},
				"down": {"uv": [2, 3, 3, 4], "texture": "#0"}
			}
		},
		{
			"from": [16.32143, -3.41071, 7.5],
			"to": [17.32143, -0.41071, 8.5],
			"shade": false,
			"rotation": {"angle": 0, "axis": "y", "origin": [16.32143, -1.41071, 8.5]},
			"faces": {
				"north": {"uv": [2, 4, 1, 7], "texture": "#0"},
				"east": {"uv": [3, 4, 2, 7], "texture": "#0"},
				"south": {"uv": [4, 4, 3, 7], "texture": "#0"},
				"west": {"uv": [1, 4, 0, 7], "texture": "#0"},
				"up": {"uv": [1, 4, 2, 3], "texture": "#0"},
				"down": {"uv": [2, 3, 3, 4], "texture": "#0"}
			}
		},
		{
			"from": [15.32143, -2.41071, 7.5],
			"to": [16.32143, 0.58929, 8.5],
			"shade": false,
			"rotation": {"angle": 0, "axis": "y", "origin": [16.32143, -1.41071, 8.5]},
			"faces": {
				"north": {"uv": [2, 4, 1, 7], "texture": "#0"},
				"east": {"uv": [3, 4, 2, 7], "texture": "#0"},
				"south": {"uv": [4, 4, 3, 7], "texture": "#0"},
				"west": {"uv": [1, 4, 0, 7], "texture": "#0"},
				"up": {"uv": [1, 4, 2, 3], "texture": "#0"},
				"down": {"uv": [2, 3, 3, 4], "texture": "#0"}
			}
		},
		{
			"from": [14.32143, -1.41071, 7.5],
			"to": [15.32143, 1.58929, 8.5],
			"shade": false,
			"rotation": {"angle": 0, "axis": "y", "origin": [16.32143, -1.41071, 8.5]},
			"faces": {
				"north": {"uv": [2, 8, 1, 11], "texture": "#0"},
				"east": {"uv": [3, 8, 2, 11], "texture": "#0"},
				"south": {"uv": [4, 8, 3, 11], "texture": "#0"},
				"west": {"uv": [1, 8, 0, 11], "texture": "#0"},
				"up": {"uv": [1, 8, 2, 7], "texture": "#0"},
				"down": {"uv": [2, 7, 3, 8], "texture": "#0"}
			}
		},
		{
			"from": [13.32143, -0.41071, 7.5],
			"to": [14.32143, 2.58929, 8.5],
			"shade": false,
			"rotation": {"angle": 0, "axis": "y", "origin": [16.32143, -1.41071, 8.5]},
			"faces": {
				"north": {"uv": [2, 8, 1, 11], "texture": "#0"},
				"east": {"uv": [3, 8, 2, 11], "texture": "#0"},
				"south": {"uv": [4, 8, 3, 11], "texture": "#0"},
				"west": {"uv": [1, 8, 0, 11], "texture": "#0"},
				"up": {"uv": [1, 8, 2, 7], "texture": "#0"},
				"down": {"uv": [2, 7, 3, 8], "texture": "#0"}
			}
		},
		{
			"from": [12.32143, 0.58929, 7.5],
			"to": [13.32143, 3.58929, 8.5],
			"shade": false,
			"rotation": {"angle": 0, "axis": "y", "origin": [16.32143, -1.41071, 8.5]},
			"faces": {
				"north": {"uv": [2, 8, 1, 11], "texture": "#0"},
				"east": {"uv": [3, 8, 2, 11], "texture": "#0"},
				"south": {"uv": [4, 8, 3, 11], "texture": "#0"},
				"west": {"uv": [1, 8, 0, 11], "texture": "#0"},
				"up": {"uv": [1, 8, 2, 7], "texture": "#0"},
				"down": {"uv": [2, 7, 3, 8], "texture": "#0"}
			}
		},
		{
			"from": [11.32143, 1.58929, 7.5],
			"to": [12.32143, 4.58929, 8.5],
			"shade": false,
			"rotation": {"angle": 0, "axis": "y", "origin": [16.32143, -1.41071, 8.5]},
			"faces": {
				"north": {"uv": [2, 4, 1, 7], "texture": "#0"},
				"east": {"uv": [3, 4, 2, 7], "texture": "#0"},
				"south": {"uv": [4, 4, 3, 7], "texture": "#0"},
				"west": {"uv": [1, 4, 0, 7], "texture": "#0"},
				"up": {"uv": [1, 4, 2, 3], "texture": "#0"},
				"down": {"uv": [2, 3, 3, 4], "texture": "#0"}
			}
		},
		{
			"from": [10.32143, 2.58929, 7.5],
			"to": [11.32143, 5.58929, 8.5],
			"shade": false,
			"rotation": {"angle": 0, "axis": "y", "origin": [16.32143, -1.41071, 8.5]},
			"faces": {
				"north": {"uv": [2, 4, 1, 7], "texture": "#0"},
				"east": {"uv": [3, 4, 2, 7], "texture": "#0"},
				"south": {"uv": [4, 4, 3, 7], "texture": "#0"},
				"west": {"uv": [1, 4, 0, 7], "texture": "#0"},
				"up": {"uv": [1, 4, 2, 3], "texture": "#0"},
				"down": {"uv": [2, 3, 3, 4], "texture": "#0"}
			}
		},
		{
			"from": [9.32143, 3.58929, 7.5],
			"to": [10.32143, 6.58929, 8.5],
			"shade": false,
			"rotation": {"angle": 0, "axis": "y", "origin": [16.32143, -1.41071, 8.5]},
			"faces": {
				"north": {"uv": [2, 8, 1, 11], "texture": "#0"},
				"east": {"uv": [3, 8, 2, 11], "texture": "#0"},
				"south": {"uv": [4, 8, 3, 11], "texture": "#0"},
				"west": {"uv": [1, 8, 0, 11], "texture": "#0"},
				"up": {"uv": [1, 8, 2, 7], "texture": "#0"},
				"down": {"uv": [2, 7, 3, 8], "texture": "#0"}
			}
		},
		{
			"from": [8.32143, 4.58929, 7.5],
			"to": [9.32143, 7.58929, 8.5],
			"shade": false,
			"rotation": {"angle": 0, "axis": "y", "origin": [16.32143, -1.41071, 8.5]},
			"faces": {
				"north": {"uv": [2, 8, 1, 11], "texture": "#0"},
				"east": {"uv": [3, 8, 2, 11], "texture": "#0"},
				"south": {"uv": [4, 8, 3, 11], "texture": "#0"},
				"west": {"uv": [1, 8, 0, 11], "texture": "#0"},
				"up": {"uv": [1, 8, 2, 7], "texture": "#0"},
				"down": {"uv": [2, 7, 3, 8], "texture": "#0"}
			}
		},
		{
			"from": [7.32143, 5.58929, 7.5],
			"to": [8.32143, 8.58929, 8.5],
			"shade": false,
			"rotation": {"angle": 0, "axis": "y", "origin": [16.32143, -1.41071, 8.5]},
			"faces": {
				"north": {"uv": [2, 8, 1, 11], "texture": "#0"},
				"east": {"uv": [3, 8, 2, 11], "texture": "#0"},
				"south": {"uv": [4, 8, 3, 11], "texture": "#0"},
				"west": {"uv": [1, 8, 0, 11], "texture": "#0"},
				"up": {"uv": [1, 8, 2, 7], "texture": "#0"},
				"down": {"uv": [2, 7, 3, 8], "texture": "#0"}
			}
		},
		{
			"from": [6.32143, 6.58929, 7.5],
			"to": [7.32143, 9.58929, 8.5],
			"shade": false,
			"rotation": {"angle": 0, "axis": "y", "origin": [16.32143, -1.41071, 8.5]},
			"faces": {
				"north": {"uv": [2, 4, 1, 7], "texture": "#0"},
				"east": {"uv": [3, 4, 2, 7], "texture": "#0"},
				"south": {"uv": [4, 4, 3, 7], "texture": "#0"},
				"west": {"uv": [1, 4, 0, 7], "texture": "#0"},
				"up": {"uv": [1, 4, 2, 3], "texture": "#0"},
				"down": {"uv": [2, 3, 3, 4], "texture": "#0"}
			}
		},
		{
			"from": [5.32143, 7.58929, 7.5],
			"to": [6.32143, 11.58929, 8.5],
			"shade": false,
			"rotation": {"angle": 0, "axis": "y", "origin": [16.32143, -1.41071, 8.5]},
			"faces": {
				"north": {"uv": [2, 12, 1, 16], "texture": "#0"},
				"east": {"uv": [3, 12, 2, 16], "texture": "#0"},
				"south": {"uv": [4, 12, 3, 16], "texture": "#0"},
				"west": {"uv": [1, 12, 0, 16], "texture": "#0"},
				"up": {"uv": [1, 12, 2, 11], "texture": "#0"},
				"down": {"uv": [2, 11, 3, 12], "texture": "#0"}
			}
		},
		{
			"from": [4.32143, 8.58929, 7.5],
			"to": [5.32143, 13.58929, 8.5],
			"shade": false,
			"rotation": {"angle": 0, "axis": "y", "origin": [16.32143, -1.41071, 8.5]},
			"faces": {
				"north": {"uv": [6, 1, 5, 6], "texture": "#0"},
				"east": {"uv": [7, 1, 6, 6], "texture": "#0"},
				"south": {"uv": [8, 1, 7, 6], "texture": "#0"},
				"west": {"uv": [5, 1, 4, 6], "texture": "#0"},
				"up": {"uv": [5, 1, 6, 0], "texture": "#0"},
				"down": {"uv": [6, 0, 7, 1], "texture": "#0"}
			}
		},
		{
			"from": [3.32143, 9.58929, 7.5],
			"to": [4.32143, 14.58929, 8.5],
			"shade": false,
			"rotation": {"angle": 0, "axis": "y", "origin": [16.32143, -1.41071, 8.5]},
			"faces": {
				"north": {"uv": [14, 1, 13, 6], "texture": "#0"},
				"east": {"uv": [15, 1, 14, 6], "texture": "#0"},
				"south": {"uv": [16, 1, 15, 6], "texture": "#0"},
				"west": {"uv": [13, 1, 12, 6], "texture": "#0"},
				"up": {"uv": [13, 1, 14, 0], "texture": "#0"},
				"down": {"uv": [14, 0, 15, 1], "texture": "#0"}
			}
		},
		{
			"from": [2.32143, 10.58929, 7.5],
			"to": [3.32143, 15.58929, 8.5],
			"shade": false,
			"rotation": {"angle": 0, "axis": "y", "origin": [16.32143, -1.41071, 8.5]},
			"faces": {
				"north": {"uv": [14, 7, 13, 12], "texture": "#0"},
				"east": {"uv": [15, 7, 14, 12], "texture": "#0"},
				"south": {"uv": [16, 7, 15, 12], "texture": "#0"},
				"west": {"uv": [13, 7, 12, 12], "texture": "#0"},
				"up": {"uv": [13, 7, 14, 6], "texture": "#0"},
				"down": {"uv": [14, 6, 15, 7], "texture": "#0"}
			}
		},
		{
			"from": [1.32143, 11.58929, 7.5],
			"to": [2.32143, 16.58929, 8.5],
			"shade": false,
			"rotation": {"angle": 0, "axis": "y", "origin": [16.32143, -1.41071, 8.5]},
			"faces": {
				"north": {"uv": [14, 7, 13, 12], "texture": "#0"},
				"east": {"uv": [15, 7, 14, 12], "texture": "#0"},
				"south": {"uv": [16, 7, 15, 12], "texture": "#0"},
				"west": {"uv": [13, 7, 12, 12], "texture": "#0"},
				"up": {"uv": [13, 7, 14, 6], "texture": "#0"},
				"down": {"uv": [14, 6, 15, 7], "texture": "#0"}
			}
		},
		{
			"from": [0.32143, 12.58929, 7.5],
			"to": [1.32143, 17.58929, 8.5],
			"shade": false,
			"rotation": {"angle": 0, "axis": "y", "origin": [16.32143, -1.41071, 8.5]},
			"faces": {
				"north": {"uv": [14, 7, 13, 12], "texture": "#0"},
				"east": {"uv": [15, 7, 14, 12], "texture": "#0"},
				"south": {"uv": [16, 7, 15, 12], "texture": "#0"},
				"west": {"uv": [13, 7, 12, 12], "texture": "#0"},
				"up": {"uv": [13, 7, 14, 6], "texture": "#0"},
				"down": {"uv": [14, 6, 15, 7], "texture": "#0"}
			}
		},
		{
			"from": [-0.67857, 13.58929, 7.5],
			"to": [0.32143, 18.58929, 8.5],
			"shade": false,
			"rotation": {"angle": 0, "axis": "y", "origin": [16.32143, -1.41071, 8.5]},
			"faces": {
				"north": {"uv": [10, 8, 9, 13], "texture": "#0"},
				"east": {"uv": [11, 8, 10, 13], "texture": "#0"},
				"south": {"uv": [12, 8, 11, 13], "texture": "#0"},
				"west": {"uv": [9, 8, 8, 13], "texture": "#0"},
				"up": {"uv": [9, 8, 10, 7], "texture": "#0"},
				"down": {"uv": [10, 7, 11, 8], "texture": "#0"}
			}
		},
		{
			"from": [-1.67857, 14.58929, 7.5],
			"to": [-0.67857, 18.58929, 8.5],
			"shade": false,
			"rotation": {"angle": 0, "axis": "y", "origin": [16.32143, -1.41071, 8.5]},
			"faces": {
				"north": {"uv": [10, 3, 9, 7], "texture": "#0"},
				"east": {"uv": [11, 3, 10, 7], "texture": "#0"},
				"south": {"uv": [12, 3, 11, 7], "texture": "#0"},
				"west": {"uv": [9, 3, 8, 7], "texture": "#0"},
				"up": {"uv": [9, 3, 10, 2], "texture": "#0"},
				"down": {"uv": [10, 2, 11, 3], "texture": "#0"}
			}
		},
		{
			"from": [-2.67857, 15.58929, 7.5],
			"to": [-1.67857, 18.58929, 8.5],
			"shade": false,
			"rotation": {"angle": 0, "axis": "y", "origin": [16.32143, -1.41071, 8.5]},
			"faces": {
				"north": {"uv": [14, 13, 13, 16], "texture": "#0"},
				"east": {"uv": [15, 13, 14, 16], "texture": "#0"},
				"south": {"uv": [16, 13, 15, 16], "texture": "#0"},
				"west": {"uv": [13, 13, 12, 16], "texture": "#0"},
				"up": {"uv": [13, 13, 14, 12], "texture": "#0"},
				"down": {"uv": [14, 12, 15, 13], "texture": "#0"}
			}
		},
		{
			"from": [-3.67857, 16.58929, 7.5],
			"to": [-2.67857, 18.58929, 8.5],
			"shade": false,
			"rotation": {"angle": 0, "axis": "y", "origin": [16.32143, -1.41071, 8.5]},
			"faces": {
				"north": {"uv": [10, 14, 9, 16], "texture": "#0"},
				"east": {"uv": [11, 14, 10, 16], "texture": "#0"},
				"south": {"uv": [12, 14, 11, 16], "texture": "#0"},
				"west": {"uv": [9, 14, 8, 16], "texture": "#0"},
				"up": {"uv": [9, 14, 10, 13], "texture": "#0"},
				"down": {"uv": [10, 13, 11, 14], "texture": "#0"}
			}
		},
		{
			"from": [6.32143, 10.58929, 7.5],
			"to": [7.32143, 11.58929, 8.5],
			"shade": false,
			"rotation": {"angle": 0, "axis": "y", "origin": [16.32143, -1.41071, 8.5]},
			"faces": {
				"north": {"uv": [6, 7, 5, 8], "texture": "#0"},
				"east": {"uv": [7, 7, 6, 8], "texture": "#0"},
				"south": {"uv": [8, 7, 7, 8], "texture": "#0"},
				"west": {"uv": [5, 7, 4, 8], "texture": "#0"},
				"up": {"uv": [5, 7, 6, 6], "texture": "#0"},
				"down": {"uv": [6, 6, 7, 7], "texture": "#0"}
			}
		},
		{
			"from": [7.32143, 11.58929, 7.5],
			"to": [8.32143, 12.58929, 8.5],
			"shade": false,
			"rotation": {"angle": 0, "axis": "y", "origin": [16.32143, -1.41071, 8.5]},
			"faces": {
				"north": {"uv": [10, 1, 9, 2], "texture": "#0"},
				"east": {"uv": [11, 1, 10, 2], "texture": "#0"},
				"south": {"uv": [12, 1, 11, 2], "texture": "#0"},
				"west": {"uv": [9, 1, 8, 2], "texture": "#0"},
				"up": {"uv": [9, 1, 10, 0], "texture": "#0"},
				"down": {"uv": [10, 0, 11, 1], "texture": "#0"}
			}
		},
		{
			"from": [8.32143, 9.58929, 7.5],
			"to": [9.32143, 11.58929, 8.5],
			"shade": false,
			"rotation": {"angle": 0, "axis": "y", "origin": [16.32143, -1.41071, 8.5]},
			"faces": {
				"north": {"uv": [6, 13, 5, 15], "texture": "#0"},
				"east": {"uv": [7, 13, 6, 15], "texture": "#0"},
				"south": {"uv": [8, 13, 7, 15], "texture": "#0"},
				"west": {"uv": [5, 13, 4, 15], "texture": "#0"},
				"up": {"uv": [5, 13, 6, 12], "texture": "#0"},
				"down": {"uv": [6, 12, 7, 13], "texture": "#0"}
			}
		},
		{
			"from": [9.32143, 8.58929, 7.5],
			"to": [10.32143, 11.58929, 8.5],
			"shade": false,
			"rotation": {"angle": 0, "axis": "y", "origin": [16.32143, -1.41071, 8.5]},
			"faces": {
				"north": {"uv": [6, 9, 5, 12], "texture": "#0"},
				"east": {"uv": [7, 9, 6, 12], "texture": "#0"},
				"south": {"uv": [8, 9, 7, 12], "texture": "#0"},
				"west": {"uv": [5, 9, 4, 12], "texture": "#0"},
				"up": {"uv": [5, 9, 6, 8], "texture": "#0"},
				"down": {"uv": [6, 8, 7, 9], "texture": "#0"}
			}
		},
		{
			"from": [10.32143, 9.58929, 7.5],
			"to": [11.32143, 10.58929, 8.5],
			"shade": false,
			"rotation": {"angle": 0, "axis": "y", "origin": [16.32143, -1.41071, 8.5]},
			"faces": {
				"north": {"uv": [6, 7, 5, 8], "texture": "#0"},
				"east": {"uv": [7, 7, 6, 8], "texture": "#0"},
				"south": {"uv": [8, 7, 7, 8], "texture": "#0"},
				"west": {"uv": [5, 7, 4, 8], "texture": "#0"},
				"up": {"uv": [5, 7, 6, 6], "texture": "#0"},
				"down": {"uv": [6, 6, 7, 7], "texture": "#0"}
			}
		}
	],
	"gui_light": "front",
	"display": {
		"thirdperson_righthand": {
			"rotation": [0, 90, -40],
			"translation": [0, 1.5, 1.5],
			"scale": [0.85, 0.85, 0.85]
		},
		"thirdperson_lefthand": {
			"rotation": [0, -90, 40],
			"translation": [0, 1.5, 1.5],
			"scale": [0.85, 0.85, 0.85]
		},
		"firstperson_righthand": {
			"rotation": [0, 90, -25],
			"translation": [1.13, 3.5, 1.13],
			"scale": [0.68, 0.68, 0.68]
		},
		"firstperson_lefthand": {
			"rotation": [0, -90, 25],
			"translation": [1.13, 3.5, 1.13],
			"scale": [0.68, 0.68, 0.69]
		},
		"ground": {
			"translation": [0, 3, 0],
			"scale": [0.5, 0.5, 0.5]
		},
		"gui": {
			"rotation": [0, -180, 0],
			"translation": [0, 0.5, 0],
			"scale": [0.65, 0.65, 0.65]
		},
		"head": {
			"translation": [0, 14, 6]
		},
		"fixed": {
			"translation": [0, 0.5, 0],
			"scale": [0.8, 0.8, 0.8]
		}
	}
}