{
	"credit": "Made by rikitikitivi",
	"textures": {
		"1": "./nunchaku",
		"particle": "./nunchaku"
	},
	"elements": [
		{
			"from": [-2.5, 12.35294, 7.5],
			"to": [-1.5, 14.35294, 8.5],
			"rotation": {"angle": 0, "axis": "y", "origin": [1.5, 16.35294, 7.5]},
			"faces": {
				"north": {"uv": [1, 1, 2, 3], "texture": "#1"},
				"east": {"uv": [0, 1, 1, 3], "texture": "#1"},
				"south": {"uv": [3, 1, 4, 3], "texture": "#1"},
				"west": {"uv": [2, 1, 3, 3], "texture": "#1"},
				"up": {"uv": [2, 1, 1, 0], "texture": "#1"},
				"down": {"uv": [3, 0, 2, 1], "texture": "#1"}
			}
		},
		{
			"from": [-0.5, -0.64706, 7.5],
			"to": [0.5, 1.35294, 8.5],
			"rotation": {"angle": 0, "axis": "y", "origin": [1.5, 16.35294, 7.5]},
			"faces": {
				"north": {"uv": [1, 1, 2, 3], "texture": "#1"},
				"east": {"uv": [0, 1, 1, 3], "texture": "#1"},
				"south": {"uv": [3, 1, 4, 3], "texture": "#1"},
				"west": {"uv": [2, 1, 3, 3], "texture": "#1"},
				"up": {"uv": [2, 1, 1, 0], "texture": "#1"},
				"down": {"uv": [3, 0, 2, 1], "texture": "#1"}
			}
		},
		{
			"from": [0.5, -0.64706, 7.5],
			"to": [1.5, 2.35294, 8.5],
			"rotation": {"angle": 0, "axis": "y", "origin": [1.5, 16.35294, 7.5]},
			"faces": {
				"north": {"uv": [9, 10, 10, 13], "texture": "#1"},
				"east": {"uv": [8, 10, 9, 13], "texture": "#1"},
				"south": {"uv": [11, 10, 12, 13], "texture": "#1"},
				"west": {"uv": [10, 10, 11, 13], "texture": "#1"},
				"up": {"uv": [10, 10, 9, 9], "texture": "#1"},
				"down": {"uv": [11, 9, 10, 10], "texture": "#1"}
			}
		},
		{
			"from": [1.5, -0.64706, 7.5],
			"to": [2.5, 3.35294, 8.5],
			"rotation": {"angle": 0, "axis": "y", "origin": [1.5, 16.35294, 7.5]},
			"faces": {
				"north": {"uv": [9, 1, 10, 5], "texture": "#1"},
				"east": {"uv": [8, 1, 9, 5], "texture": "#1"},
				"south": {"uv": [11, 1, 12, 5], "texture": "#1"},
				"west": {"uv": [10, 1, 11, 5], "texture": "#1"},
				"up": {"uv": [10, 1, 9, 0], "texture": "#1"},
				"down": {"uv": [11, 0, 10, 1], "texture": "#1"}
			}
		},
		{
			"from": [2.5, 0.35294, 7.5],
			"to": [3.5, 4.35294, 8.5],
			"rotation": {"angle": 0, "axis": "y", "origin": [1.5, 16.35294, 7.5]},
			"faces": {
				"north": {"uv": [9, 1, 10, 5], "texture": "#1"},
				"east": {"uv": [8, 1, 9, 5], "texture": "#1"},
				"south": {"uv": [11, 1, 12, 5], "texture": "#1"},
				"west": {"uv": [10, 1, 11, 5], "texture": "#1"},
				"up": {"uv": [10, 1, 9, 0], "texture": "#1"},
				"down": {"uv": [11, 0, 10, 1], "texture": "#1"}
			}
		},
		{
			"from": [3.5, 1.35294, 7.5],
			"to": [4.5, 5.35294, 8.5],
			"rotation": {"angle": 0, "axis": "y", "origin": [1.5, 16.35294, 7.5]},
			"faces": {
				"north": {"uv": [9, 1, 10, 5], "texture": "#1"},
				"east": {"uv": [8, 1, 9, 5], "texture": "#1"},
				"south": {"uv": [11, 1, 12, 5], "texture": "#1"},
				"west": {"uv": [10, 1, 11, 5], "texture": "#1"},
				"up": {"uv": [10, 1, 9, 0], "texture": "#1"},
				"down": {"uv": [11, 0, 10, 1], "texture": "#1"}
			}
		},
		{
			"from": [4.5, 2.35294, 7.5],
			"to": [5.5, 5.35294, 8.5],
			"rotation": {"angle": 0, "axis": "y", "origin": [1.5, 16.35294, 7.5]},
			"faces": {
				"north": {"uv": [13, 1, 14, 4], "texture": "#1"},
				"east": {"uv": [12, 1, 13, 4], "texture": "#1"},
				"south": {"uv": [15, 1, 16, 4], "texture": "#1"},
				"west": {"uv": [14, 1, 15, 4], "texture": "#1"},
				"up": {"uv": [14, 1, 13, 0], "texture": "#1"},
				"down": {"uv": [15, 0, 14, 1], "texture": "#1"}
			}
		},
		{
			"from": [5.5, 3.35294, 7.5],
			"to": [6.5, 5.35294, 8.5],
			"rotation": {"angle": 0, "axis": "y", "origin": [1.5, 16.35294, 7.5]},
			"faces": {
				"north": {"uv": [1, 7, 2, 9], "texture": "#1"},
				"east": {"uv": [0, 7, 1, 9], "texture": "#1"},
				"south": {"uv": [3, 7, 4, 9], "texture": "#1"},
				"west": {"uv": [2, 7, 3, 9], "texture": "#1"},
				"up": {"uv": [2, 7, 1, 6], "texture": "#1"},
				"down": {"uv": [3, 6, 2, 7], "texture": "#1"}
			}
		},
		{
			"from": [6.5, 4.35294, 7.5],
			"to": [7.5, 6.35294, 8.5],
			"rotation": {"angle": 0, "axis": "y", "origin": [1.5, 16.35294, 7.5]},
			"faces": {
				"north": {"uv": [1, 4, 2, 6], "texture": "#1"},
				"east": {"uv": [0, 4, 1, 6], "texture": "#1"},
				"south": {"uv": [3, 4, 4, 6], "texture": "#1"},
				"west": {"uv": [2, 4, 3, 6], "texture": "#1"},
				"up": {"uv": [2, 4, 1, 3], "texture": "#1"},
				"down": {"uv": [3, 3, 2, 4], "texture": "#1"}
			}
		},
		{
			"from": [7.5, 5.35294, 7.5],
			"to": [8.5, 7.35294, 8.5],
			"rotation": {"angle": 0, "axis": "y", "origin": [1.5, 16.35294, 7.5]},
			"faces": {
				"north": {"uv": [1, 7, 2, 9], "texture": "#1"},
				"east": {"uv": [0, 7, 1, 9], "texture": "#1"},
				"south": {"uv": [3, 7, 4, 9], "texture": "#1"},
				"west": {"uv": [2, 7, 3, 9], "texture": "#1"},
				"up": {"uv": [2, 7, 1, 6], "texture": "#1"},
				"down": {"uv": [3, 6, 2, 7], "texture": "#1"}
			}
		},
		{
			"from": [8.5, 5.35294, 7.5],
			"to": [9.5, 7.35294, 8.5],
			"rotation": {"angle": 0, "axis": "y", "origin": [1.5, 16.35294, 7.5]},
			"faces": {
				"north": {"uv": [1, 4, 2, 6], "texture": "#1"},
				"east": {"uv": [0, 4, 1, 6], "texture": "#1"},
				"south": {"uv": [3, 4, 4, 6], "texture": "#1"},
				"west": {"uv": [2, 4, 3, 6], "texture": "#1"},
				"up": {"uv": [2, 4, 1, 3], "texture": "#1"},
				"down": {"uv": [3, 3, 2, 4], "texture": "#1"}
			}
		},
		{
			"from": [9.5, 6.35294, 7.5],
			"to": [10.5, 9.35294, 8.5],
			"rotation": {"angle": 0, "axis": "y", "origin": [1.5, 16.35294, 7.5]},
			"faces": {
				"north": {"uv": [5, 9, 6, 12], "texture": "#1"},
				"east": {"uv": [4, 9, 5, 12], "texture": "#1"},
				"south": {"uv": [7, 9, 8, 12], "texture": "#1"},
				"west": {"uv": [6, 9, 7, 12], "texture": "#1"},
				"up": {"uv": [6, 9, 5, 8], "texture": "#1"},
				"down": {"uv": [7, 8, 6, 9], "texture": "#1"}
			}
		},
		{
			"from": [8.5, 8.35294, 7.5],
			"to": [9.5, 10.35294, 8.5],
			"rotation": {"angle": 0, "axis": "y", "origin": [1.5, 16.35294, 7.5]},
			"faces": {
				"north": {"uv": [1, 7, 2, 9], "texture": "#1"},
				"east": {"uv": [0, 7, 1, 9], "texture": "#1"},
				"south": {"uv": [3, 7, 4, 9], "texture": "#1"},
				"west": {"uv": [2, 7, 3, 9], "texture": "#1"},
				"up": {"uv": [2, 7, 1, 6], "texture": "#1"},
				"down": {"uv": [3, 6, 2, 7], "texture": "#1"}
			}
		},
		{
			"from": [7.5, 8.35294, 7.5],
			"to": [8.5, 10.35294, 8.5],
			"rotation": {"angle": 0, "axis": "y", "origin": [1.5, 16.35294, 7.5]},
			"faces": {
				"north": {"uv": [1, 4, 2, 6], "texture": "#1"},
				"east": {"uv": [0, 4, 1, 6], "texture": "#1"},
				"south": {"uv": [3, 4, 4, 6], "texture": "#1"},
				"west": {"uv": [2, 4, 3, 6], "texture": "#1"},
				"up": {"uv": [2, 4, 1, 3], "texture": "#1"},
				"down": {"uv": [3, 3, 2, 4], "texture": "#1"}
			}
		},
		{
			"from": [6.5, 7.35294, 7.5],
			"to": [7.5, 9.35294, 8.5],
			"rotation": {"angle": 0, "axis": "y", "origin": [1.5, 16.35294, 7.5]},
			"faces": {
				"north": {"uv": [1, 7, 2, 9], "texture": "#1"},
				"east": {"uv": [0, 7, 1, 9], "texture": "#1"},
				"south": {"uv": [3, 7, 4, 9], "texture": "#1"},
				"west": {"uv": [2, 7, 3, 9], "texture": "#1"},
				"up": {"uv": [2, 7, 1, 6], "texture": "#1"},
				"down": {"uv": [3, 6, 2, 7], "texture": "#1"}
			}
		},
		{
			"from": [5.5, 6.35294, 7.5],
			"to": [6.5, 8.35294, 8.5],
			"rotation": {"angle": 0, "axis": "y", "origin": [1.5, 16.35294, 7.5]},
			"faces": {
				"north": {"uv": [1, 4, 2, 6], "texture": "#1"},
				"east": {"uv": [0, 4, 1, 6], "texture": "#1"},
				"south": {"uv": [3, 4, 4, 6], "texture": "#1"},
				"west": {"uv": [2, 4, 3, 6], "texture": "#1"},
				"up": {"uv": [2, 4, 1, 3], "texture": "#1"},
				"down": {"uv": [3, 3, 2, 4], "texture": "#1"}
			}
		},
		{
			"from": [3.5, 7.35294, 7.5],
			"to": [4.5, 10.35294, 8.5],
			"rotation": {"angle": 0, "axis": "y", "origin": [1.5, 16.35294, 7.5]},
			"faces": {
				"north": {"uv": [9, 6, 10, 9], "texture": "#1"},
				"east": {"uv": [8, 6, 9, 9], "texture": "#1"},
				"south": {"uv": [11, 6, 12, 9], "texture": "#1"},
				"west": {"uv": [10, 6, 11, 9], "texture": "#1"},
				"up": {"uv": [10, 6, 9, 5], "texture": "#1"},
				"down": {"uv": [11, 5, 10, 6], "texture": "#1"}
			}
		},
		{
			"from": [2.5, 8.35294, 7.5],
			"to": [3.5, 11.35294, 8.5],
			"rotation": {"angle": 0, "axis": "y", "origin": [1.5, 16.35294, 7.5]},
			"faces": {
				"north": {"uv": [9, 10, 10, 13], "texture": "#1"},
				"east": {"uv": [8, 10, 9, 13], "texture": "#1"},
				"south": {"uv": [11, 10, 12, 13], "texture": "#1"},
				"west": {"uv": [10, 10, 11, 13], "texture": "#1"},
				"up": {"uv": [10, 10, 9, 9], "texture": "#1"},
				"down": {"uv": [11, 9, 10, 10], "texture": "#1"}
			}
		},
		{
			"from": [1.5, 8.35294, 7.5],
			"to": [2.5, 12.35294, 8.5],
			"rotation": {"angle": 0, "axis": "y", "origin": [1.5, 16.35294, 7.5]},
			"faces": {
				"north": {"uv": [9, 1, 10, 5], "texture": "#1"},
				"east": {"uv": [8, 1, 9, 5], "texture": "#1"},
				"south": {"uv": [11, 1, 12, 5], "texture": "#1"},
				"west": {"uv": [10, 1, 11, 5], "texture": "#1"},
				"up": {"uv": [10, 1, 9, 0], "texture": "#1"},
				"down": {"uv": [11, 0, 10, 1], "texture": "#1"}
			}
		},
		{
			"from": [0.5, 9.35294, 7.5],
			"to": [1.5, 13.35294, 8.5],
			"rotation": {"angle": 0, "axis": "y", "origin": [1.5, 16.35294, 7.5]},
			"faces": {
				"north": {"uv": [9, 1, 10, 5], "texture": "#1"},
				"east": {"uv": [8, 1, 9, 5], "texture": "#1"},
				"south": {"uv": [11, 1, 12, 5], "texture": "#1"},
				"west": {"uv": [10, 1, 11, 5], "texture": "#1"},
				"up": {"uv": [10, 1, 9, 0], "texture": "#1"},
				"down": {"uv": [11, 0, 10, 1], "texture": "#1"}
			}
		},
		{
			"from": [-0.5, 10.35294, 7.5],
			"to": [0.5, 14.35294, 8.5],
			"rotation": {"angle": 0, "axis": "y", "origin": [1.5, 16.35294, 7.5]},
			"faces": {
				"north": {"uv": [9, 1, 10, 5], "texture": "#1"},
				"east": {"uv": [8, 1, 9, 5], "texture": "#1"},
				"south": {"uv": [11, 1, 12, 5], "texture": "#1"},
				"west": {"uv": [10, 1, 11, 5], "texture": "#1"},
				"up": {"uv": [10, 1, 9, 0], "texture": "#1"},
				"down": {"uv": [11, 0, 10, 1], "texture": "#1"}
			}
		},
		{
			"from": [-1.5, 11.35294, 7.5],
			"to": [-0.5, 14.35294, 8.5],
			"rotation": {"angle": 0, "axis": "y", "origin": [1.5, 16.35294, 7.5]},
			"faces": {
				"north": {"uv": [13, 1, 14, 4], "texture": "#1"},
				"east": {"uv": [12, 1, 13, 4], "texture": "#1"},
				"south": {"uv": [15, 1, 16, 4], "texture": "#1"},
				"west": {"uv": [14, 1, 15, 4], "texture": "#1"},
				"up": {"uv": [14, 1, 13, 0], "texture": "#1"},
				"down": {"uv": [15, 0, 14, 1], "texture": "#1"}
			}
		},
		{
			"from": [4.5, 6.35294, 7.5],
			"to": [5.5, 8.35294, 8.5],
			"rotation": {"angle": 0, "axis": "y", "origin": [1.5, 16.35294, 7.5]},
			"faces": {
				"north": {"uv": [1, 7, 2, 9], "texture": "#1"},
				"east": {"uv": [0, 7, 1, 9], "texture": "#1"},
				"south": {"uv": [3, 7, 4, 9], "texture": "#1"},
				"west": {"uv": [2, 7, 3, 9], "texture": "#1"},
				"up": {"uv": [2, 7, 1, 6], "texture": "#1"},
				"down": {"uv": [3, 6, 2, 7], "texture": "#1"}
			}
		}
	],
	"gui_light": "front",
	"display": {
		"thirdperson_righthand": {
			"rotation": [0, -90, 40],
			"translation": [0, 5, 2],
			"scale": [0.85, 0.85, 0.85]
		},
		"thirdperson_lefthand": {
			"rotation": [0, 90, -40],
			"translation": [0, 5, 2],
			"scale": [0.85, 0.85, 0.85]
		},
		"firstperson_righthand": {
			"rotation": [0, -90, 25],
			"translation": [1.13, 4.5, 1.13],
			"scale": [0.68, 0.68, 0.68]
		},
		"firstperson_lefthand": {
			"rotation": [0, 90, -25],
			"translation": [1.13, 4.5, 1.13],
			"scale": [0.68, 0.68, 0.68]
		},
		"ground": {
			"translation": [3, 3, 0],
			"scale": [0.5, 0.5, 0.5]
		},
		"gui": {
			"translation": [3.5, 0.75, 0],
			"scale": [0.92, 0.92, 0.92]
		},
		"head": {
			"rotation": [0, -180, 0],
			"translation": [-3, 14, 7]
		},
		"fixed": {
			"rotation": [0, -180, 0],
			"translation": [-3.5, 0.5, 0],
			"scale": [1.02, 1.02, 1.02]
		}
	},
	"groups": [
		{
			"name": "group",
			"origin": [1.5, 16.35294, 7.5],
			"children": [0, 1, 2, 3, 4, 5, 6, 7, 8, 9, 10, 11, 12, 13, 14, 15, 16, 17, 18, 19, 20, 21, 22]
		}
	]
}